"12/14/2021","03:20:23.0","-7.555067","122.248034","12.193","7.3"
"12/14/2021","03:23:30.0","-7.520367","122.276527","9.908","5.7"
"12/14/2021","03:25:31.0","-7.661919","122.291383","12.201","5.8"
"12/14/2021","03:38:14.0","-7.613724","121.543867","11.237","5.5"
"12/14/2021","03:41:56.0","-7.781743","122.403823","9.906","5.5"
"12/14/2021","03:41:55.0","-7.759707","122.496741","7.020","5.1"
"12/14/2021","03:46:17.0","-7.540304","122.125964","16.634","5.1"
"12/14/2021","03:47:01.0","-7.498009","121.805473","17.609","5.0"
"12/14/2021","03:47:03.0","-7.537981","121.691665","12.742","5.3"
"12/14/2021","03:50:51.0","-7.615615","122.177868","9.537","4.4"
"12/14/2021","03:54:26.0","-7.703609","122.429015","13.924","4.3"
"12/14/2021","04:01:31.0","-7.639426","122.291285","13.209","4.5"
"12/14/2021","04:04:16.0","-7.221486","122.080059","7.033","4.1"
"12/14/2021","04:09:40.0","-7.576925","122.159825","14.817","4.2"
"12/14/2021","04:16:13.0","-7.599414","121.620468","19.691","4.5"
"12/14/2021","04:22:50.0","-7.82688","122.409978","8.273","4.2"
"12/14/2021","04:28:39.0","-7.54793","122.202856","10.750","4.5"
"12/14/2021","04:34:03.0","-7.53362","121.634614","9.539","4.8"
"12/14/2021","04:36:40.0","-7.386802","121.523718","13.416","4.0"
"12/14/2021","04:39:53.0","-7.520208","121.64933","11.178","3.8"
"12/14/2021","04:43:16.0","-7.627983","121.921061","11.805","3.8"
"12/14/2021","04:44:32.0","-7.647825","122.348401","11.811","3.6"
"12/14/2021","04:47:11.0","-7.486285","121.594055","11.330","4.0"
"12/14/2021","04:50:20.0","-7.490711","121.617082","13.815","4.2"
"12/14/2021","04:57:08.0","-7.205391","122.232964","10.630","3.5"
"12/14/2021","04:59:46.0","-7.369999","121.22835","14.080","3.4"
"12/14/2021","05:07:13.0","-7.579879","122.421495","9.773","3.6"
"12/14/2021","05:11:39.0","-7.562879","122.321608","10.028","3.2"
"12/14/2021","05:15:06.0","-7.381121","121.739144","7.831","3.4"
"12/14/2021","05:21:55.0","-7.542362","121.780361","12.964","3.7"
"12/14/2021","05:22:53.0","-7.849035","122.466928","12.347","3.5"
"12/14/2021","05:23:49.0","-7.644486","122.434626","15.185","3.7"
"12/14/2021","05:26:09.0","-7.814832","122.385087","18.113","3.3"
"12/14/2021","05:28:08.0","-7.491662","122.212503","8.670","3.4"
"12/14/2021","05:30:57.0","-7.16554","122.207811","7.405","3.4"
"12/14/2021","05:36:17.0","-7.553416","122.367062","18.617","4.1"
"12/14/2021","05:43:15.0","-7.537931","122.329331","14.523","4.4"
"12/14/2021","05:46:41.0","-7.507145","121.770833","10.793","5.0"
"12/14/2021","05:55:27.0","-7.615661","122.38653","15.564","3.7"
"12/14/2021","06:04:14.0","-7.410531","122.309274","10.551","3.6"
"12/14/2021","06:09:50.0","-7.351871","121.250347","12.088","4.3"
"12/14/2021","06:15:11.0","-7.663688","122.169103","5.189","3.3"
"12/14/2021","06:16:26.0","-7.678427","122.388004","9.796","3.2"
"12/14/2021","06:18:37.0","-7.7128","122.418257","10.096","3.3"
"12/14/2021","06:23:25.0","-7.559657","121.678011","11.122","3.6"
"12/14/2021","06:24:58.0","-7.59737","122.342295","10.748","3.5"
"12/14/2021","06:29:47.0","-7.626876","122.504739","12.326","3.5"
"12/14/2021","06:32:56.0","-7.500857","122.150818","9.761","3.9"
"12/14/2021","06:35:14.0","-7.290099","121.557256","10.513","3.7"
"12/14/2021","06:38:18.0","-7.494359","121.959112","8.257","3.3"
"12/14/2021","06:41:26.0","-7.529141","121.57229","10.984","3.1"
"12/14/2021","06:42:51.0","-7.520752","121.696534","9.701","3.2"
"12/14/2021","06:47:45.0","-7.527215","121.87793","10.567","3.3"
"12/14/2021","06:48:48.0","-7.790113","122.502715","15.362","3.6"
"12/14/2021","06:50:51.0","-7.519868","121.51035","8.779","3.2"
"12/14/2021","07:00:49.0","-7.718605","122.493493","12.518","3.0"
"12/14/2021","07:04:48.0","-7.204781","122.080502","7.609","3.2"
"12/14/2021","07:10:37.0","-7.520911","122.25571","11.811","3.2"
"12/14/2021","07:14:49.0","-7.585891","122.432468","13.235","3.0"
"12/14/2021","07:21:34.0","-7.581542","122.261132","21.437","3.7"
"12/14/2021","07:31:35.0","-7.51735","122.2056","12.665","3.5"
"12/14/2021","07:41:33.0","-7.544203","122.274868","17.104","3.4"
"12/14/2021","07:43:04.0","-7.784013","122.515493","11.482","4.1"
"12/14/2021","07:44:08.0","-7.556815","121.759528","16.146","4.2"
"12/14/2021","07:51:11.0","-7.539834","121.707937","8.489","3.9"
"12/14/2021","07:55:49.0","-7.764739","122.466264","11.956","3.1"
"12/14/2021","07:58:18.0","-7.58501","122.071801","20.680","3.3"
"12/14/2021","08:01:16.0","-7.524597","121.601912","17.393","3.5"
"12/14/2021","08:12:06.0","-7.651872","122.435348","11.273","4.4"
"12/14/2021","08:31:32.0","-7.611478","122.414146","13.127","5.4"
"12/14/2021","08:36:39.0","-7.592084","122.400994","10.646","4.4"
"12/14/2021","08:43:51.0","-7.664488","122.431018","8.812","3.4"
"12/14/2021","08:48:28.0","-7.602837","122.374918","12.079","3.4"
"12/14/2021","08:51:44.0","-7.532517","121.607173","12.770","3.4"
"12/14/2021","08:55:59.0","-7.543249","122.540107","5.895","3.9"
"12/14/2021","09:04:26.0","-7.592893","122.387741","11.455","3.3"
"12/14/2021","09:10:52.0","-7.383158","121.948721","8.450","3.2"
"12/14/2021","09:19:45.0","-7.696469","122.44875","7.216","3.2"
"12/14/2021","09:22:27.0","-7.353089","121.096496","9.369","2.8"
"12/14/2021","09:25:11.0","-7.036201","121.278867","15.354","2.1"
"12/14/2021","09:27:23.0","-7.767364","122.513406","8.947","3.2"
"12/14/2021","09:36:38.0","-7.347951","121.025333","10.624","2.7"
"12/14/2021","09:39:33.0","-7.668008","122.150328","4.986","3.4"
"12/14/2021","09:44:33.0","-7.574877","122.409479","8.969","3.0"
"12/14/2021","09:46:16.0","-7.564144","122.042856","11.200","3.0"
"12/14/2021","09:51:00.0","-7.464164","122.141888","8.777","3.5"
"12/14/2021","09:52:57.0","-7.615646","122.411571","15.350","3.1"
"12/14/2021","09:54:52.0","-7.668285","122.372637","12.223","3.0"
"12/14/2021","09:58:06.0","-7.391769","121.5214","10.319","3.1"
"12/14/2021","10:06:15.0","-7.624894","122.433526","12.649","2.9"
"12/14/2021","10:09:46.0","-7.494012","121.73718","12.637","3.7"
"12/14/2021","10:11:08.0","-7.544791","122.181705","12.091","3.1"
"12/14/2021","10:23:09.0","-7.527007","122.112562","9.100","3.3"
"12/14/2021","10:27:04.0","-7.743046","122.418086","10.079","3.1"
"12/14/2021","10:28:49.0","-7.725789","122.475375","10.187","3.1"
"12/14/2021","10:33:53.0","-7.549558","121.553928","20.320","3.0"
"12/14/2021","10:40:49.0","-7.567389","121.633202","11.692","2.5"
"12/14/2021","10:44:21.0","-7.34569","121.844225","15.237","2.6"
"12/14/2021","10:46:27.0","-7.528815","121.893012","9.955","3.1"
"12/14/2021","10:48:30.0","-7.485969","121.789248","8.692","3.1"
"12/14/2021","10:51:10.0","-7.499699","121.66728","8.664","3.7"
"12/14/2021","10:56:11.0","-7.832449","122.545699","12.422","2.6"
"12/14/2021","11:01:16.0","-7.46112","122.435508","7.194","3.3"
"12/14/2021","11:10:37.0","-7.713347","122.516713","12.471","3.3"
"12/14/2021","11:15:07.0","-7.416929","122.393639","7.770","2.9"
"12/14/2021","11:24:54.0","-7.533391","122.121295","10.612","3.2"
"12/14/2021","11:34:47.0","-7.509204","121.592581","8.723","3.2"
"12/14/2021","11:45:54.0","-7.408523","121.331367","10.214","3.4"
"12/14/2021","11:47:51.0","-7.321969","121.231063","10.738","3.4"
"12/14/2021","12:12:46.0","-7.817733","122.223532","10.899","3.5"
"12/14/2021","12:24:34.0","-7.541218","122.308329","11.311","3.1"
"12/14/2021","12:35:35.0","-7.560137","122.351122","12.960","3.5"
"12/14/2021","12:37:40.0","-7.754353","121.830669","7.111","2.8"
"12/14/2021","12:50:03.0","-7.341717","122.471769","8.333","3.1"
"12/14/2021","12:51:05.0","-7.653218","122.466891","14.090","3.2"
"12/14/2021","13:04:31.0","-7.285384","121.316315","5.308","2.8"
"12/14/2021","13:10:27.0","-7.557751","122.398057","9.623","3.3"
"12/14/2021","13:23:27.0","-7.661205","122.508795","10.287","3.5"
"12/14/2021","13:28:20.0","-7.459371","122.535923","4.816","3.2"
"12/14/2021","13:30:18.0","-7.649793","122.399021","11.405","4.0"
"12/14/2021","13:33:30.0","-7.517468","122.374195","13.117","4.1"
"12/14/2021","13:38:19.0","-7.897093","122.376434","11.245","3.0"
"12/14/2021","13:45:22.0","-7.50477","122.414407","11.184","3.1"
"12/14/2021","13:59:12.0","-7.649128","122.512644","11.973","3.5"
"12/14/2021","14:04:08.0","-7.668245","122.382928","7.027","3.3"
"12/14/2021","14:20:14.0","-7.781542","122.513835","7.347","2.9"
"12/14/2021","14:32:20.0","-7.491056","122.135126","9.512","3.1"
"12/14/2021","14:37:36.0","-7.42632","121.495167","10.650","3.0"
"12/14/2021","14:40:17.0","-7.501464","121.745039","10.029","3.8"
"12/14/2021","14:54:28.0","-7.395195","121.309259","18.616","2.8"
"12/14/2021","14:54:57.0","-7.572343","122.286106","10.630","3.3"
"12/14/2021","14:59:42.0","-7.537456","121.567105","12.784","2.8"
"12/14/2021","15:04:48.0","-7.474913","121.719257","12.910","2.4"
"12/14/2021","15:06:39.0","-7.558281","122.424872","10.458","3.2"
"12/14/2021","15:14:34.0","-7.548417","122.323246","19.020","2.8"
"12/14/2021","15:17:47.0","-7.474844","122.381687","10.097","2.9"
"12/14/2021","15:19:30.0","-7.397793","121.336211","13.631","2.9"
"12/14/2021","15:22:28.0","-7.538427","122.296524","13.265","2.7"
"12/14/2021","15:24:05.0","-7.588313","121.590905","14.150","2.8"
"12/14/2021","15:28:35.0","-7.671635","122.383139","7.273","2.5"
"12/14/2021","15:30:07.0","-7.648712","122.44055","11.377","3.0"
"12/14/2021","15:34:29.0","-7.579969","122.26234","15.950","2.5"
"12/14/2021","15:38:46.0","-7.507794","121.841228","10.326","2.8"
"12/14/2021","15:39:59.0","-7.610684","122.348129","18.692","2.9"
"12/14/2021","15:46:31.0","-7.520985","121.518877","12.310","2.4"
"12/14/2021","15:48:43.0","-7.533067","121.882978","9.895","2.8"
"12/14/2021","15:52:27.0","-7.416855","121.349356","10.975","2.8"
"12/14/2021","15:55:04.0","-7.625377","122.252577","6.217","2.7"
"12/14/2021","15:56:34.0","-7.488746","122.320082","12.279","2.7"
"12/14/2021","15:59:37.0","-7.527192","121.624806","9.155","2.7"
"12/14/2021","16:03:56.0","-7.548809","121.923992","7.922","2.8"
"12/14/2021","16:12:36.0","-7.58243","122.275633","11.058","2.7"
"12/14/2021","16:15:12.0","-7.804793","122.389174","7.601","2.6"
"12/14/2021","16:16:02.0","-7.690673","122.384994","15.110","2.6"
"12/14/2021","16:18:37.0","-7.76937","122.436349","15.619","3.1"
"12/14/2021","16:26:00.0","-7.237105","120.791086","10.640","2.5"
"12/14/2021","16:30:15.0","-7.683376","122.363403","9.378","2.4"
"12/14/2021","16:30:33.0","-7.342651","121.253642","12.840","2.8"
"12/14/2021","16:35:38.0","-7.395522","121.311245","10.240","3.2"
"12/14/2021","16:38:12.0","-7.748941","122.513034","8.230","2.6"
"12/14/2021","16:41:35.0","-7.495072","121.70543","7.152","3.2"
"12/14/2021","16:51:51.0","-7.546807","121.826251","13.143","3.0"
"12/14/2021","16:56:12.0","-7.622091","122.390281","8.958","2.6"
"12/14/2021","16:58:49.0","-7.539634","122.352582","18.037","2.7"
"12/14/2021","17:05:21.0","-7.757479","122.497148","20.754","3.4"
"12/14/2021","17:06:10.0","-7.495401","121.763648","10.161","3.6"
"12/14/2021","17:11:52.0","-7.763747","122.494187","12.605","3.0"
"12/14/2021","17:21:18.0","-7.546319","121.727679","8.106","3.6"
"12/14/2021","17:23:58.0","-7.702481","122.386572","14.695","3.2"
"12/14/2021","17:29:28.0","-7.553968","122.152435","10.098","3.1"
"12/14/2021","17:37:30.0","-7.501928","121.880577","6.497","2.9"
"12/14/2021","17:42:59.0","-7.568161","122.037368","19.915","3.0"
"12/14/2021","17:45:33.0","-7.737552","122.421114","7.595","3.2"
"12/14/2021","17:53:55.0","-7.520764","121.913686","15.848","2.9"
"12/14/2021","17:59:41.0","-7.461582","121.714842","11.418","3.0"
"12/14/2021","18:02:24.0","-7.542869","122.121965","15.719","3.1"
"12/14/2021","18:09:20.0","-7.516535","121.61479","10.916","3.1"
"12/14/2021","18:14:29.0","-7.582727","122.295608","12.443","2.8"
"12/14/2021","18:32:52.0","-7.575894","122.327633","12.247","2.8"
"12/14/2021","18:35:43.0","-7.606969","121.687499","11.025","3.5"
"12/14/2021","18:40:18.0","-7.551114","122.096221","19.756","3.7"
"12/14/2021","18:44:51.0","-7.505953","120.972398","19.628","2.5"
"12/14/2021","18:47:50.0","-7.346356","121.334243","16.045","2.8"
"12/14/2021","18:49:38.0","-7.037493","121.170199","9.551","2.8"
"12/14/2021","18:53:32.0","-7.558209","121.938265","11.847","2.8"
"12/14/2021","19:04:31.0","-7.751381","122.507829","8.470","2.7"
"12/14/2021","19:19:03.0","-7.172027","122.009383","11.543","3.2"
"12/14/2021","19:21:05.0","-7.347684","122.158411","7.772","2.9"
"12/14/2021","19:22:32.0","-7.460257","122.361342","8.160","2.9"
"12/14/2021","19:24:21.0","-7.680069","122.416188","13.981","2.9"
"12/14/2021","19:32:09.0","-7.584196","122.339233","12.456","2.8"
"12/14/2021","19:35:19.0","-7.347217","121.113212","10.911","3.7"
"12/14/2021","19:42:16.0","-7.345389","121.104707","9.569","3.0"
"12/14/2021","19:43:13.0","-7.501855","121.710826","13.131","2.8"
"12/14/2021","19:47:16.0","-7.672968","122.398399","10.611","2.9"
"12/14/2021","20:01:13.0","-7.508334","121.627656","11.095","2.9"
"12/14/2021","20:10:14.0","-7.543878","121.854155","10.599","2.9"
"12/14/2021","20:12:37.0","-7.466047","121.867803","9.302","2.8"
"12/14/2021","20:16:40.0","-7.584358","121.471402","8.072","2.9"
"12/14/2021","20:25:07.0","-7.481522","121.466488","12.445","2.7"
"12/14/2021","20:29:01.0","-7.470487","121.678246","6.346","3.2"
"12/14/2021","20:30:11.0","-7.517011","122.034599","13.274","3.2"
"12/14/2021","20:36:01.0","-7.742371","122.451175","17.814","2.7"
"12/14/2021","20:37:38.0","-7.550598","122.115214","7.700","3.0"
"12/14/2021","20:46:00.0","-7.540509","121.924107","11.410","3.0"
"12/14/2021","20:54:57.0","-7.53768","122.216044","13.776","2.8"
"12/14/2021","21:02:40.0","-7.530666","121.446957","7.287","2.7"
"12/14/2021","21:09:47.0","-7.446683","121.916605","10.115","3.1"
"12/14/2021","21:13:18.0","-7.405356","122.08342","14.314","2.6"
"12/14/2021","21:42:01.0","-7.524702","121.630497","17.382","2.7"
"12/14/2021","21:43:02.0","-7.798408","122.220344","6.839","2.7"
"12/14/2021","21:48:27.0","-7.307277","121.163235","7.799","2.6"
"12/14/2021","21:52:14.0","-7.562664","122.088618","9.980","3.0"
"12/14/2021","21:57:42.0","-7.908167","122.413277","18.081","2.9"
"12/14/2021","22:01:43.0","-7.560063","121.613822","5.915","4.5"
"12/14/2021","22:11:37.0","-7.468537","122.243156","9.430","3.1"
"12/14/2021","22:13:39.0","-7.527011","122.176328","8.780","2.8"
"12/14/2021","22:15:02.0","-7.608706","122.097604","11.982","2.9"
"12/14/2021","22:17:06.0","-7.653675","122.344153","9.019","4.7"
"12/14/2021","22:23:15.0","-7.729583","122.295941","11.409","3.1"
"12/14/2021","22:25:20.0","-7.441688","122.026209","7.084","3.1"
"12/14/2021","22:31:58.0","-7.68873","122.261521","3.698","3.0"
"12/14/2021","22:42:55.0","-7.518528","121.646433","9.346","3.2"
"12/14/2021","22:46:40.0","-7.643405","122.332483","8.308","3.2"
"12/14/2021","22:51:54.0","-7.568638","122.276853","11.236","3.3"
"12/14/2021","22:59:46.0","-7.673683","121.880997","10.043","3.0"
"12/14/2021","23:10:56.0","-7.521278","122.10828","14.006","3.1"
"12/14/2021","23:14:24.0","-7.512357","122.191946","10.541","3.4"
"12/14/2021","23:29:37.0","-7.539","121.610501","8.431","2.7"
"12/14/2021","23:42:19.0","-7.365033","121.277375","10.508","2.8"
"12/14/2021","23:50:01.0","-7.500022","121.604778","12.926","3.1"
"12/15/2021","00:21:52.0","-7.607173","122.417506","17.182","2.6"
"12/15/2021","00:24:25.0","-7.445142","122.433189","5.839","3.7"
"12/15/2021","00:27:34.0","-7.711749","122.244713","10.401","2.9"
"12/15/2021","00:32:01.0","-7.574177","122.197952","13.303","2.7"
"12/15/2021","00:39:20.0","-7.771851","122.423933","11.999","2.5"
"12/15/2021","00:39:39.0","-7.446118","121.790345","10.181","2.3"
"12/15/2021","00:57:49.0","-7.542755","121.834726","15.061","3.1"
"12/15/2021","01:02:28.0","-7.526277","122.168685","11.973","2.9"
"12/15/2021","01:11:55.0","-7.4355","122.100525","8.775","3.1"
"12/15/2021","01:14:21.0","-7.484481","122.09511","10.136","3.3"
"12/15/2021","01:15:53.0","-7.716658","122.297891","10.051","2.9"
"12/15/2021","01:19:41.0","-7.161739","121.957684","16.714","3.0"
"12/15/2021","01:22:34.0","-7.514116","121.498698","12.589","2.5"
"12/15/2021","01:23:54.0","-7.342131","121.704672","9.582","2.7"
"12/15/2021","01:26:06.0","-7.49327","121.677206","8.809","2.9"
"12/15/2021","01:29:09.0","-7.551561","122.151273","15.517","3.2"
"12/15/2021","01:32:48.0","-7.536094","122.163081","12.549","2.7"
"12/15/2021","01:46:16.0","-7.820162","121.816987","6.356","2.8"
"12/15/2021","01:49:58.0","-7.313342","121.220923","11.986","3.2"
"12/15/2021","01:51:34.0","-7.408988","121.761346","8.988","3.0"
"12/15/2021","01:57:20.0","-7.563136","121.581794","9.298","2.7"
"12/15/2021","02:03:34.0","-7.554464","122.14816","13.752","2.9"
"12/15/2021","02:15:39.0","-7.440533","121.792975","7.439","2.4"
"12/15/2021","02:17:31.0","-7.522048","121.672177","12.395","3.5"
"12/15/2021","02:22:40.0","-7.834423","122.538575","11.248","2.6"
"12/15/2021","02:35:07.0","-7.646542","122.25465","17.896","2.9"
"12/15/2021","02:38:58.0","-7.678073","122.370364","5.938","2.8"
"12/15/2021","02:41:58.0","-7.565868","122.134419","13.827","3.0"
"12/15/2021","02:44:18.0","-7.287914","122.196904","10.152","2.9"
"12/15/2021","02:51:19.0","-7.594806","122.336798","9.472","2.9"
"12/15/2021","02:58:07.0","-7.579677","122.400961","10.830","2.9"
"12/15/2021","03:06:54.0","-7.643488","122.463114","15.509","3.1"
"12/15/2021","03:24:57.0","-7.608716","121.804589","12.768","2.5"
"12/15/2021","03:28:00.0","-7.550477","122.426306","14.031","3.0"
"12/15/2021","03:30:39.0","-7.561586","122.019569","13.584","2.9"
"12/15/2021","03:32:09.0","-7.314126","121.308718","10.241","2.9"
"12/15/2021","03:46:11.0","-7.621852","122.398888","10.932","2.8"
"12/15/2021","03:52:35.0","-7.253839","121.213783","10.729","4.5"
"12/15/2021","03:56:03.0","-7.546995","121.51055","7.274","3.5"
"12/15/2021","04:04:53.0","-7.640324","121.809621","5.478","3.0"
"12/15/2021","04:08:38.0","-7.625675","122.328616","7.758","2.8"
"12/15/2021","04:09:09.0","-7.268801","120.965654","7.856","2.6"
"12/15/2021","04:11:16.0","-7.579388","122.088522","8.785","3.5"
"12/15/2021","04:20:17.0","-7.783535","122.522622","19.880","2.8"
"12/15/2021","04:24:14.0","-7.600381","122.022538","13.863","2.5"
"12/15/2021","04:26:01.0","-7.561036","122.314817","9.787","3.1"
"12/15/2021","04:28:17.0","-7.218255","121.189294","13.711","3.0"
"12/15/2021","04:32:16.0","-7.492058","122.08665","9.900","2.5"
"12/15/2021","04:46:21.0","-7.395736","121.017235","18.336","3.1"
"12/15/2021","04:49:55.0","-7.550239","121.681431","10.720","3.9"
"12/15/2021","05:01:17.0","-7.592347","121.695278","9.390","3.5"
"12/15/2021","05:04:11.0","-7.908342","122.54728","7.419","3.2"
"12/15/2021","05:24:27.0","-7.475263","121.585473","15.170","2.6"
"12/15/2021","05:25:55.0","-7.830413","122.506945","8.303","2.7"
"12/15/2021","05:41:30.0","-7.145393","120.839992","9.883","2.5"
"12/15/2021","05:51:13.0","-7.370532","121.136196","6.542","2.3"
"12/15/2021","06:10:35.0","-7.698239","122.362362","8.875","2.5"
"12/15/2021","06:18:24.0","-7.727206","122.493526","14.383","2.7"
"12/15/2021","06:27:37.0","-7.550599","121.936115","11.062","2.5"
"12/15/2021","06:36:29.0","-7.148757","121.1073","12.652","2.6"
"12/15/2021","06:47:57.0","-7.618896","122.278599","10.327","3.6"
"12/15/2021","07:00:32.0","-7.464581","121.848654","8.113","2.8"
"12/15/2021","07:31:49.0","-7.442077","121.710415","9.542","3.5"
"12/15/2021","07:33:36.0","-7.459316","121.651358","9.615","2.9"
"12/15/2021","07:36:11.0","-7.734596","121.268128","10.153","3.2"
"12/15/2021","07:40:33.0","-7.471679","121.404299","10.936","2.4"
"12/15/2021","07:50:54.0","-7.753328","122.492583","10.077","2.5"
"12/15/2021","08:07:38.0","-7.451106","121.884824","11.443","3.5"
"12/15/2021","08:09:31.0","-7.639302","122.503917","19.019","3.1"
"12/15/2021","08:16:43.0","-7.491503","122.096676","12.212","2.7"
"12/15/2021","08:22:11.0","-7.4512","121.697764","10.183","3.2"
"12/15/2021","08:33:57.0","-7.130724","120.943475","15.933","2.3"
"12/15/2021","08:36:20.0","-7.499393","122.057708","10.716","2.9"
"12/15/2021","08:37:35.0","-7.435542","121.794784","16.221","2.9"
"12/15/2021","08:39:34.0","-7.578512","122.203226","11.806","2.5"
"12/15/2021","08:55:13.0","-7.358569","121.229059","11.024","2.8"
"12/15/2021","08:58:21.0","-7.481641","122.131489","7.854","3.5"
"12/15/2021","08:59:58.0","-7.753279","122.503926","16.727","3.5"
"12/15/2021","09:00:42.0","-7.345994","121.103249","14.442","2.9"
"12/15/2021","09:10:01.0","-7.530715","121.750891","10.952","2.8"
"12/15/2021","09:14:30.0","-7.377536","121.244475","9.139","4.2"
"12/15/2021","09:19:08.0","-7.488412","121.617328","14.039","3.0"
"12/15/2021","09:45:10.0","-7.714819","121.536237","6.019","2.4"
"12/15/2021","09:50:17.0","-7.588071","122.63213","15.646","2.7"
"12/15/2021","10:04:44.0","-7.39784","122.071254","10.118","3.3"
"12/15/2021","10:29:18.0","-7.134549","121.219547","10.128","3.1"
"12/15/2021","10:34:26.0","-7.888584","121.918486","5.481","2.5"
"12/15/2021","10:41:47.0","-7.592137","121.552601","21.109","2.6"
"12/15/2021","10:46:33.0","-7.548702","121.449128","8.988","2.6"
"12/15/2021","10:53:13.0","-7.676818","121.764099","12.915","2.8"
"12/15/2021","10:54:22.0","-7.537595","122.246796","14.242","3.1"
"12/15/2021","10:56:18.0","-7.331513","121.263094","11.502","3.3"
"12/15/2021","11:16:10.0","-7.659618","122.303009","14.304","2.5"
"12/15/2021","11:19:00.0","-7.543507","122.025747","10.189","2.7"
"12/15/2021","11:33:03.0","-7.486342","122.04819","7.414","2.8"
"12/15/2021","11:36:09.0","-7.473502","122.195415","9.124","3.3"
"12/15/2021","11:45:58.0","-7.588611","121.971199","9.582","2.7"
"12/15/2021","11:47:32.0","-7.630227","122.402803","9.707","3.4"
"12/15/2021","12:03:40.0","-7.381515","121.211127","11.109","3.4"
"12/15/2021","13:12:09.0","-7.479477","122.209041","9.035","3.4"
"12/15/2021","13:33:24.0","-7.675121","122.414373","12.373","2.8"
"12/15/2021","13:37:36.0","-7.52176","122.153113","10.004","3.2"
"12/15/2021","13:54:05.0","-7.753469","122.526356","9.195","3.0"
"12/15/2021","14:04:08.0","-7.577883","121.521071","15.540","2.8"
"12/15/2021","14:13:46.0","-7.824075","122.477592","13.357","2.6"
"12/15/2021","14:23:48.0","-7.735023","122.536276","10.885","3.2"
"12/15/2021","14:32:30.0","-7.757994","122.523284","8.635","2.5"
"12/15/2021","14:38:30.0","-7.597516","122.55307","4.575","3.0"
"12/15/2021","14:41:04.0","-7.309351","121.189651","8.890","2.6"
"12/15/2021","14:42:38.0","-7.241574","121.182515","8.300","3.8"
"12/15/2021","14:47:07.0","-7.566264","122.399098","8.449","4.1"
"12/15/2021","14:58:29.0","-7.225469","121.204035","9.962","2.5"
"12/15/2021","15:16:21.0","-7.769774","122.532669","6.809","2.9"
"12/15/2021","15:18:19.0","-7.869768","122.565207","16.860","2.8"
"12/15/2021","15:22:06.0","-7.735406","122.464412","8.877","2.5"
"12/15/2021","15:36:20.0","-7.975234","122.721286","11.470","2.7"
"12/15/2021","15:50:43.0","-7.350867","121.237646","11.820","2.5"
"12/15/2021","15:52:12.0","-7.400943","121.179932","12.548","2.3"
"12/15/2021","15:54:36.0","-7.419257","121.959393","11.417","3.1"
"12/15/2021","15:57:39.0","-7.425659","121.468927","15.419","2.8"
"12/15/2021","16:02:41.0","-7.544006","121.911223","5.844","2.6"
"12/15/2021","16:05:02.0","-7.561491","122.284957","10.065","2.7"
"12/15/2021","16:28:33.0","-7.476546","121.577443","12.822","2.5"
"12/15/2021","16:33:02.0","-7.573444","121.594807","6.995","2.4"
"12/15/2021","16:34:09.0","-7.46486","120.901312","10.002","2.6"
"12/15/2021","16:36:20.0","-7.32392","121.223056","7.261","2.4"
"12/15/2021","16:56:08.0","-7.519339","121.523988","10.913","3.1"
"12/15/2021","16:59:48.0","-7.504851","121.630407","14.092","2.6"
"12/15/2021","17:13:03.0","-7.625085","122.348259","10.478","2.5"
"12/15/2021","17:16:49.0","-7.148925","122.0149","11.107","2.8"
"12/15/2021","17:27:56.0","-7.264139","121.045338","10.963","2.4"
"12/15/2021","17:42:37.0","-7.522087","121.685673","7.358","4.4"
"12/15/2021","18:03:12.0","-7.546682","121.534479","8.949","2.5"
"12/15/2021","18:08:30.0","-7.531764","121.57518","16.925","3.1"
"12/15/2021","18:09:33.0","-7.513338","122.153443","9.657","3.3"
"12/15/2021","18:11:44.0","-7.467857","122.466282","12.919","2.6"
"12/15/2021","18:15:27.0","-7.228051","121.195749","9.094","2.9"
"12/15/2021","18:17:15.0","-7.228216","121.174999","7.790","2.6"
"12/15/2021","18:19:05.0","-7.521167","122.162255","10.804","3.2"
"12/15/2021","18:23:01.0","-7.326705","121.968308","7.742","2.8"
"12/15/2021","18:31:58.0","-7.499227","121.991021","9.145","2.8"
"12/15/2021","18:36:04.0","-7.354418","121.28709","10.210","2.3"
"12/15/2021","18:40:09.0","-7.366186","121.346258","9.314","2.9"
"12/15/2021","18:47:59.0","-8.034652","122.431516","11.201","3.3"
"12/15/2021","18:56:08.0","-7.633795","122.440981","18.799","3.5"
"12/15/2021","18:58:07.0","-7.2167","121.134717","6.870","2.3"
"12/15/2021","19:01:00.0","-7.569116","122.413543","10.749","2.8"
"12/15/2021","19:08:24.0","-7.285055","121.23741","11.228","3.2"
"12/15/2021","19:17:57.0","-7.454501","121.950587","8.516","2.8"
"12/15/2021","19:27:12.0","-7.541953","121.593451","10.232","2.9"
"12/15/2021","19:28:05.0","-7.478789","121.957886","12.137","3.1"
"12/15/2021","19:32:08.0","-7.723007","122.353802","6.996","2.7"
"12/15/2021","19:39:03.0","-7.550706","121.953705","12.754","2.8"
"12/15/2021","19:53:16.0","-7.242767","121.092753","13.648","2.2"
"12/15/2021","19:57:42.0","-7.708234","122.369096","12.226","2.7"
"12/15/2021","20:02:43.0","-7.327004","121.36039","11.274","3.2"
"12/15/2021","20:04:36.0","-7.334095","121.281347","10.323","3.0"
"12/15/2021","20:15:04.0","-7.568485","122.212199","4.656","2.4"
"12/15/2021","20:36:16.0","-7.539992","121.714007","11.127","3.2"
"12/15/2021","20:43:04.0","-7.535","121.86065","9.247","3.8"
"12/15/2021","20:56:07.0","-7.76093","121.324822","6.198","2.6"
"12/15/2021","20:58:47.0","-7.510731","121.625437","10.383","2.4"
"12/15/2021","21:01:58.0","-7.628994","122.431012","13.966","3.0"
"12/15/2021","21:06:18.0","-7.55861","121.996441","8.348","2.5"
"12/15/2021","21:10:00.0","-7.554645","122.147961","10.760","2.7"
"12/15/2021","21:11:43.0","-7.634107","122.41679","11.724","2.8"
"12/15/2021","21:15:43.0","-7.646983","122.408426","9.051","2.6"
"12/15/2021","21:19:40.0","-7.550416","121.568235","9.835","2.2"
"12/15/2021","21:24:16.0","-7.47304","122.063686","11.604","2.4"
"12/15/2021","21:28:42.0","-7.509306","121.626953","8.412","2.9"
"12/15/2021","21:29:55.0","-7.585605","122.365738","12.119","3.1"
"12/15/2021","21:34:10.0","-7.52629","121.539492","13.002","2.2"
"12/15/2021","21:40:59.0","-7.53009","121.480195","10.661","2.8"
"12/15/2021","21:43:55.0","-7.318263","121.238906","9.355","2.5"
"12/15/2021","21:57:29.0","-7.442792","121.511161","13.502","2.3"
"12/15/2021","22:09:33.0","-7.947894","122.019762","9.436","2.7"
"12/15/2021","22:20:19.0","-7.819658","122.534024","9.607","2.6"
"12/15/2021","22:24:02.0","-7.262195","121.140703","9.030","4.6"
"12/15/2021","22:39:40.0","-7.880284","122.434844","11.958","3.0"
"12/15/2021","22:41:29.0","-7.202804","121.263383","10.499","2.6"
"12/15/2021","22:44:52.0","-7.242904","121.167222","10.197","3.5"
"12/15/2021","23:08:27.0","-7.436457","121.494998","18.833","2.4"
"12/15/2021","23:14:15.0","-7.664461","122.534671","14.351","2.7"
"12/15/2021","23:24:29.0","-7.709437","122.452562","13.913","2.8"
"12/15/2021","23:40:58.0","-7.563782","122.278327","10.056","2.9"
"12/15/2021","23:50:50.0","-7.218743","121.037103","15.051","2.1"
"12/15/2021","23:58:04.0","-7.765834","122.540788","15.229","3.1"
"12/16/2021","00:04:09.0","-7.024612","120.777784","6.256","2.8"
"12/16/2021","00:08:02.0","-7.242426","121.284171","9.927","2.7"
"12/16/2021","00:34:32.0","-7.285275","121.010354","11.922","2.3"
"12/16/2021","01:23:19.0","-7.325431","121.074253","10.389","2.6"
"12/16/2021","01:34:18.0","-7.954413","122.220083","6.153","2.5"
"12/16/2021","02:30:35.0","-7.553639","121.760978","8.719","2.6"
"12/16/2021","02:34:07.0","-7.730677","122.440419","7.705","3.1"
"12/16/2021","03:13:17.0","-7.740888","122.49559","17.596","3.2"
"12/16/2021","03:35:15.0","-7.509642","121.485414","9.996","3.5"
"12/16/2021","04:04:37.0","-7.51078","121.880373","6.978","2.7"
"12/16/2021","04:12:48.0","-7.600641","121.487448","12.538","2.5"
"12/16/2021","04:17:25.0","-7.5456","121.857826","7.958","2.9"
"12/16/2021","05:22:24.0","-7.803194","122.496453","8.096","2.7"
"12/16/2021","05:42:02.0","-7.149791","120.760588","9.946","3.0"
"12/16/2021","05:56:38.0","-7.236805","121.193362","6.029","3.1"
"12/16/2021","06:03:25.0","-7.504079","121.64053","7.334","3.1"
"12/16/2021","06:23:27.0","-7.500863","121.484276","10.700","2.6"
"12/16/2021","06:41:25.0","-7.520834","121.7244","10.760","3.5"
"12/16/2021","06:44:28.0","-7.116611","120.799145","13.158","2.6"
"12/16/2021","06:53:40.0","-7.656175","122.307148","14.573","3.0"
"12/16/2021","07:05:15.0","-7.134636","120.771722","14.554","3.0"
"12/16/2021","07:22:47.0","-7.203651","121.164943","6.737","2.5"
"12/16/2021","07:54:21.0","-7.142697","120.750911","13.183","3.4"
"12/16/2021","07:57:30.0","-7.233477","121.144313","7.857","3.0"
"12/16/2021","08:58:53.0","-7.739763","122.408887","16.629","2.6"
"12/16/2021","09:02:44.0","-7.581495","121.809724","14.118","3.1"
"12/16/2021","09:33:05.0","-7.662415","122.320958","8.339","2.5"
"12/16/2021","09:49:44.0","-7.171503","121.969435","14.830","3.1"
"12/16/2021","09:55:32.0","-7.471618","122.073178","7.598","2.5"
"12/16/2021","11:30:29.0","-7.62891","122.435035","9.628","3.5"
"12/16/2021","11:44:21.0","-7.515297","121.823726","7.485","2.9"
"12/16/2021","12:10:46.0","-7.346776","122.389354","10.633","3.2"
"12/16/2021","12:32:30.0","-7.559019","122.668729","13.532","3.4"
"12/16/2021","12:34:37.0","-7.552408","122.708338","11.895","3.2"
"12/16/2021","12:45:33.0","-7.325683","121.866986","13.897","2.6"
"12/16/2021","13:18:27.0","-7.579206","122.38987","11.003","2.9"
"12/16/2021","13:51:09.0","-7.695943","122.37035","6.869","2.6"
"12/16/2021","13:56:40.0","-7.633962","122.715647","10.167","2.8"
"12/16/2021","14:08:52.0","-7.576025","122.400344","10.088","3.0"
"12/16/2021","14:25:04.0","-7.218544","122.470645","11.289","2.8"
"12/16/2021","14:33:06.0","-7.290393","120.853583","18.338","2.0"
"12/16/2021","14:36:02.0","-7.176052","122.524378","8.421","2.9"
"12/16/2021","14:38:48.0","-8.016571","122.42517","7.129","3.2"
"12/16/2021","15:29:36.0","-7.440041","121.763641","10.948","2.9"
"12/16/2021","15:31:20.0","-7.457042","121.856555","11.424","2.6"
"12/16/2021","15:33:21.0","-7.586784","121.693653","10.170","2.5"
"12/16/2021","15:39:09.0","-7.426618","121.619611","11.958","2.2"
"12/16/2021","15:46:24.0","-7.473821","121.586127","7.187","3.0"
"12/16/2021","15:59:14.0","-7.618127","122.378894","8.670","2.9"
"12/16/2021","16:02:36.0","-7.616883","121.49132","8.196","2.4"
"12/16/2021","16:05:58.0","-7.641511","120.909639","10.532","2.2"
"12/16/2021","16:12:09.0","-7.633973","121.435871","6.401","2.3"
"12/16/2021","16:19:55.0","-7.54162","122.544288","5.531","3.1"
"12/16/2021","16:32:17.0","-7.473884","121.413525","9.107","3.1"
"12/16/2021","16:36:08.0","-7.647073","122.330843","6.232","2.5"
"12/16/2021","16:39:14.0","-7.804838","122.474214","8.653","3.2"
"12/16/2021","16:44:12.0","-7.517573","121.616399","11.940","3.0"
"12/16/2021","16:48:23.0","-7.539193","122.134734","16.746","3.3"
"12/16/2021","16:53:26.0","-7.454771","122.288667","16.727","2.8"
"12/16/2021","16:57:08.0","-7.728894","122.46097","7.136","2.9"
"12/16/2021","17:04:52.0","-7.497972","122.052545","8.240","3.0"
"12/16/2021","17:09:44.0","-7.52113","121.969188","9.998","2.7"
"12/16/2021","18:06:56.0","-7.589436","122.011143","11.189","2.6"
"12/16/2021","18:20:47.0","-7.231912","121.273181","10.081","2.4"
"12/16/2021","18:28:26.0","-7.837059","121.646433","5.760","2.4"
"12/16/2021","18:32:48.0","-7.083452","122.025338","9.426","2.5"
"12/16/2021","18:52:32.0","-7.767377","122.517101","16.684","3.7"
"12/16/2021","18:58:18.0","-7.715389","122.52284","8.510","3.1"
"12/16/2021","19:04:00.0","-7.603141","122.367837","12.897","2.5"
"12/16/2021","19:18:04.0","-7.741264","122.541937","19.119","2.5"
"12/16/2021","19:19:23.0","-7.589647","122.152458","12.538","2.5"
"12/16/2021","19:22:23.0","-7.846877","122.471079","12.048","2.4"
"12/16/2021","19:23:23.0","-7.508579","121.882955","7.807","2.8"
"12/16/2021","19:30:44.0","-7.095291","120.934278","13.748","2.1"
"12/16/2021","19:32:34.0","-7.502969","121.848898","10.251","3.5"
"12/16/2021","19:39:04.0","-7.551689","121.643337","13.972","2.4"
"12/16/2021","19:42:59.0","-7.61291","121.594237","5.300","2.2"
"12/16/2021","19:51:04.0","-7.640181","122.491291","9.682","3.1"
"12/16/2021","20:12:43.0","-7.243824","121.180733","12.500","3.6"
"12/16/2021","20:17:42.0","-7.129094","121.723128","8.920","2.9"
"12/16/2021","20:20:38.0","-7.250372","121.196357","13.783","2.5"
"12/16/2021","20:38:57.0","-7.636497","122.276183","8.931","2.3"
"12/16/2021","20:41:03.0","-7.609998","122.234896","8.691","2.3"
"12/16/2021","21:14:00.0","-7.654426","121.955179","6.843","2.8"
"12/16/2021","21:22:07.0","-7.467492","121.595083","11.710","2.1"
"12/16/2021","21:24:40.0","-7.596905","121.812504","13.604","2.5"
"12/16/2021","22:26:06.0","-7.292948","122.253134","9.549","2.6"
"12/16/2021","22:29:56.0","-7.636996","122.337666","8.275","2.9"
"12/16/2021","22:40:49.0","-7.398006","121.687497","9.935","2.9"
"12/16/2021","22:50:24.0","-7.851162","122.495116","7.344","2.6"
"12/16/2021","22:55:27.0","-7.496854","121.68999","10.201","3.3"
"12/16/2021","23:34:00.0","-7.317809","121.58028","7.991","3.1"
"12/17/2021","00:18:23.0","-7.53535","121.69448","15.357","2.9"
"12/17/2021","00:47:08.0","-7.594483","122.070891","13.481","3.3"
"12/17/2021","01:27:28.0","-7.718246","121.606783","12.254","2.8"
"12/17/2021","01:30:33.0","-7.519417","121.646204","10.998","3.6"
"12/17/2021","01:35:22.0","-7.513649","121.06279","17.439","3.0"
"12/17/2021","02:07:50.0","-7.461708","121.844202","15.045","2.7"
"12/17/2021","02:31:18.0","-7.544959","121.652985","11.281","3.8"
"12/17/2021","03:06:31.0","-7.403717","121.693228","7.826","3.4"
"12/17/2021","03:45:13.0","-7.621576","122.308506","9.088","3.0"
"12/17/2021","04:25:56.0","-7.453414","121.598157","4.346","2.9"
"12/17/2021","04:39:50.0","-7.490588","121.92578","11.067","3.4"
"12/17/2021","04:56:21.0","-7.526283","122.000503","10.634","3.2"
"12/17/2021","05:05:48.0","-7.732277","122.500834","12.478","2.9"
"12/17/2021","05:17:38.0","-7.497454","121.537546","15.783","2.5"
"12/17/2021","06:20:21.0","-7.503287","121.484544","11.077","3.2"
"12/17/2021","07:59:51.0","-7.466974","121.43659","7.830","3.3"
"12/17/2021","08:11:39.0","-7.202093","121.635115","8.729","3.4"
"12/17/2021","09:05:36.0","-7.486979","121.850189","11.521","3.7"
"12/17/2021","10:23:22.0","-6.641665","121.002957","9.884","3.0"
"12/17/2021","12:11:20.0","-6.894984","120.750486","11.224","2.1"
"12/17/2021","12:40:47.0","-7.537932","122.103697","9.350","3.0"
"12/17/2021","13:34:07.0","-7.666785","122.460583","10.543","2.8"
"12/17/2021","14:15:34.0","-7.72037","122.45325","14.254","2.7"
"12/17/2021","14:23:25.0","-7.349347","121.074385","10.771","2.6"
"12/17/2021","14:44:34.0","-7.53038","121.987466","14.767","2.7"
"12/17/2021","15:03:19.0","-7.245222","121.170235","7.257","2.4"
"12/17/2021","15:06:17.0","-7.523906","122.316535","19.911","2.3"
"12/17/2021","15:32:05.0","-7.684278","122.366552","11.601","2.5"
"12/17/2021","16:04:52.0","-7.519868","121.575402","7.395","2.6"
"12/17/2021","16:31:41.0","-7.484799","121.627692","11.926","3.2"
"12/17/2021","16:50:27.0","-7.511622","122.393198","16.904","2.8"
"12/17/2021","17:16:09.0","-7.442372","122.171705","10.267","2.5"
"12/17/2021","17:24:44.0","-7.564819","122.255783","9.473","3.3"
"12/17/2021","17:33:45.0","-7.540991","122.052036","16.144","2.8"
"12/17/2021","17:52:53.0","-7.551678","122.271901","11.670","2.9"
"12/17/2021","18:20:10.0","-7.358327","121.152231","7.597","2.8"
"12/17/2021","18:26:57.0","-7.496812","121.511509","14.159","2.6"
"12/17/2021","18:30:12.0","-7.574379","122.329826","12.382","2.6"
"12/17/2021","19:11:12.0","-7.543892","121.905068","11.299","3.2"
"12/17/2021","19:16:45.0","-7.539135","122.283754","10.167","3.1"
"12/17/2021","19:37:03.0","-7.535935","122.005332","11.489","3.4"
"12/17/2021","20:41:06.0","-7.517243","121.612363","10.837","3.5"
"12/17/2021","21:04:50.0","-7.278898","121.209545","9.850","2.2"
"12/17/2021","21:24:07.0","-7.635055","122.427091","14.836","2.9"
"12/17/2021","22:11:33.0","-7.378248","121.324436","20.866","2.5"
"12/17/2021","22:21:39.0","-7.521714","121.862276","10.393","2.8"
"12/17/2021","23:06:39.0","-7.725149","122.504142","8.818","3.1"
"12/17/2021","23:40:04.0","-7.439072","121.909757","7.724","3.3"
"12/18/2021","00:07:10.0","-7.760826","122.496515","14.057","3.2"
"12/18/2021","00:10:02.0","-7.627126","122.328458","8.121","2.9"
"12/18/2021","00:20:28.0","-7.4688","121.867751","11.246","3.6"
"12/18/2021","01:34:18.0","-7.606435","121.812734","6.221","2.9"
"12/18/2021","02:10:42.0","-7.232608","121.134823","12.139","4.5"
"12/18/2021","02:24:17.0","-7.277092","121.062586","8.140","2.6"
"12/18/2021","02:34:39.0","-7.363927","120.915039","16.126","2.6"
"12/18/2021","03:19:17.0","-7.08452","120.998522","11.196","3.3"
"12/18/2021","04:05:26.0","-7.917441","122.411969","4.859","2.9"
"12/18/2021","04:17:25.0","-7.501765","121.690327","12.509","2.6"
"12/18/2021","05:12:16.0","-7.548857","122.173398","11.132","3.6"
"12/18/2021","05:29:17.0","-7.114751","121.200645","10.584","2.5"
"12/18/2021","05:35:20.0","-7.974327","122.293355","5.709","2.6"
"12/18/2021","05:50:34.0","-7.555931","122.311027","8.014","2.9"
"12/18/2021","06:09:45.0","-7.504745","121.64448","6.590","3.6"
"12/18/2021","06:47:41.0","-7.539041","121.57322","11.429","2.8"
"12/18/2021","07:31:51.0","-7.599299","122.406131","10.865","3.6"
"12/18/2021","08:23:05.0","-7.659548","121.842981","7.567","2.7"
"12/18/2021","08:27:17.0","-7.776602","122.53662","17.235","2.7"
"12/18/2021","08:31:16.0","-7.721324","122.334825","7.382","2.4"
"12/18/2021","08:33:12.0","-7.581382","122.494594","10.983","2.5"
"12/18/2021","08:58:15.0","-7.586026","122.080029","8.931","2.7"
"12/18/2021","09:20:10.0","-7.887299","121.680294","10.549","2.6"
"12/18/2021","10:00:03.0","-7.452291","121.382223","11.201","2.4"
"12/18/2021","10:04:40.0","-7.90029","122.451703","13.893","2.7"
"12/18/2021","10:28:02.0","-7.212397","121.051758","10.855","2.4"
"12/18/2021","10:46:04.0","-7.778899","122.373356","6.585","2.4"
"12/18/2021","11:04:18.0","-7.238647","121.1707","10.872","2.9"
"12/18/2021","11:09:18.0","-7.280135","121.149748","14.126","2.8"
"12/18/2021","11:11:58.0","-7.244471","121.106966","7.398","2.5"
"12/18/2021","11:31:27.0","-7.595614","122.57348","14.470","3.3"
"12/18/2021","11:47:07.0","-7.589305","121.729497","5.512","2.6"
"12/18/2021","12:58:45.0","-7.693387","122.333419","6.283","2.9"
"12/18/2021","13:23:38.0","-7.996276","122.442391","14.554","2.6"
"12/18/2021","13:35:57.0","-7.216005","121.073116","8.320","2.9"
"12/18/2021","13:39:06.0","-7.508775","121.720023","11.100","3.6"
"12/18/2021","13:47:11.0","-7.536054","121.670928","9.170","2.8"
"12/18/2021","13:54:07.0","-7.682664","121.757304","9.813","2.2"
"12/18/2021","14:30:22.0","-7.5157","121.774942","12.886","2.6"
"12/18/2021","14:51:06.0","-7.211176","121.18771","12.957","2.6"
"12/18/2021","15:05:03.0","-7.247971","121.177191","20.093","4.0"
"12/18/2021","15:36:21.0","-6.925073","120.748522","7.340","2.0"
"12/18/2021","15:40:37.0","-7.494898","121.874853","10.794","2.9"
"12/18/2021","15:51:59.0","-7.216159","121.212845","10.395","2.4"
"12/18/2021","16:07:36.0","-7.590378","121.557481","8.565","2.5"
"12/18/2021","16:14:18.0","-7.727197","122.35125","13.057","2.5"
"12/18/2021","16:20:51.0","-7.325786","121.435933","11.843","2.6"
"12/18/2021","16:24:24.0","-7.570506","122.280181","10.036","3.8"
"12/18/2021","16:59:04.0","-7.459904","121.907917","19.604","2.7"
"12/18/2021","17:02:39.0","-7.282273","121.126896","14.306","2.1"
"12/18/2021","17:05:08.0","-7.552136","121.624072","8.735","2.6"
"12/18/2021","17:14:29.0","-7.229673","121.067516","15.022","1.9"
"12/18/2021","17:26:35.0","-7.239056","121.136564","14.108","2.2"
"12/18/2021","17:28:08.0","-7.60971","122.286114","8.487","2.3"
"12/18/2021","17:34:26.0","-7.592102","122.24885","7.539","2.3"
"12/18/2021","17:47:56.0","-7.603227","122.323868","11.996","2.4"
"12/18/2021","17:58:54.0","-7.638194","121.605259","12.979","2.2"
"12/18/2021","18:01:37.0","-7.402875","121.983808","8.564","2.8"
"12/18/2021","18:06:15.0","-7.284519","121.157599","12.727","2.5"
"12/18/2021","18:37:11.0","-7.596602","122.334058","10.744","2.7"
"12/18/2021","18:37:48.0","-7.585742","122.421445","10.443","2.6"
"12/18/2021","18:44:39.0","-7.688579","122.440007","12.219","2.9"
"12/18/2021","18:58:21.0","-7.522872","121.608268","17.269","2.7"
"12/18/2021","19:04:00.0","-7.775111","122.510958","12.871","2.8"
"12/18/2021","19:07:48.0","-7.536855","121.674471","9.114","2.3"
"12/18/2021","19:13:59.0","-7.36445","121.708132","8.549","2.3"
"12/18/2021","19:33:52.0","-7.534155","122.277133","12.657","2.7"
"12/18/2021","19:37:15.0","-7.233601","121.203892","11.153","2.5"
"12/18/2021","19:42:00.0","-7.995449","122.423655","9.820","2.3"
"12/18/2021","19:45:15.0","-7.645465","122.388975","11.955","2.5"
"12/18/2021","20:00:24.0","-7.72148","122.462703","11.474","2.9"
"12/18/2021","20:52:08.0","-7.221936","121.189717","8.424","2.5"
"12/18/2021","21:13:42.0","-7.638632","122.279146","11.440","2.9"
"12/18/2021","21:15:45.0","-8.003369","122.403284","11.947","2.7"
"12/18/2021","21:26:44.0","-7.559028","121.564007","12.627","2.5"
"12/18/2021","21:45:05.0","-7.617708","121.647327","7.434","2.4"
"12/18/2021","21:47:54.0","-7.675257","122.411796","7.790","2.5"
"12/18/2021","22:27:19.0","-7.634689","122.416594","9.531","2.6"
"12/18/2021","22:40:05.0","-7.481566","121.894041","9.404","3.4"
"12/18/2021","23:46:43.0","-7.856806","122.041307","9.086","2.1"
"12/18/2021","23:49:55.0","-7.537893","121.394666","13.049","2.7"
"12/19/2021","00:16:23.0","-7.57207","122.400118","15.719","3.0"
"12/19/2021","01:14:44.0","-7.515287","121.769251","8.278","3.1"
"12/19/2021","01:32:46.0","-7.542871","122.130362","10.618","2.8"
"12/19/2021","01:45:12.0","-7.795205","121.773067","8.653","2.2"
"12/19/2021","01:48:07.0","-7.493047","121.401573","11.840","2.4"
"12/19/2021","01:50:02.0","-7.537858","121.68873","15.674","2.6"
"12/19/2021","01:51:54.0","-7.609134","121.386077","6.639","2.6"
"12/19/2021","01:57:40.0","-7.260479","121.260276","7.169","2.8"
"12/19/2021","02:11:17.0","-7.518121","122.426645","13.541","2.4"
"12/19/2021","02:59:15.0","-7.544768","121.551952","10.302","3.1"
"12/19/2021","03:19:59.0","-7.521818","121.587764","12.237","3.2"
"12/19/2021","03:33:54.0","-7.587769","121.55246","11.401","2.7"
"12/19/2021","03:46:34.0","-7.467492","121.652391","12.894","2.5"
"12/19/2021","04:00:38.0","-8.015117","122.133639","8.918","2.4"
"12/19/2021","05:18:49.0","-7.673666","121.107605","10.287","2.0"
"12/19/2021","05:54:55.0","-7.747138","122.556816","15.221","3.3"
"12/19/2021","07:38:21.0","-7.569841","121.609807","7.313","2.9"
"12/19/2021","07:50:13.0","-6.716255","120.719497","12.356","3.2"
"12/19/2021","08:04:33.0","-7.516994","121.837717","12.246","3.5"
"12/19/2021","08:45:11.0","-7.436683","121.458815","9.235","2.8"
"12/19/2021","08:58:00.0","-7.688622","122.475977","14.000","3.0"
"12/19/2021","09:03:19.0","-6.767744","120.615759","13.210","2.8"
"12/19/2021","09:41:31.0","-7.667836","122.33113","9.537","3.0"
"12/19/2021","19:59:15.0","-7.24866","121.185748","11.344","2.4"
"12/19/2021","21:52:10.0","-7.680123","122.009172","11.823","2.7"
"12/19/2021","22:01:32.0","-7.432108","121.785311","8.902","3.6"
"12/19/2021","22:07:20.0","-7.398706","121.794364","9.782","3.4"
"12/19/2021","22:50:51.0","-7.531305","121.860339","19.169","3.0"
"12/20/2021","00:19:38.0","-7.694146","122.491011","10.971","3.5"
"12/20/2021","00:37:20.0","-7.532779","121.677162","14.189","3.2"
"12/20/2021","02:34:35.0","-7.07838","120.534162","12.647","2.6"
"12/20/2021","05:03:02.0","-7.567824","122.324974","11.123","3.3"
"12/20/2021","05:08:57.0","-7.266467","121.00484","15.515","2.1"
"12/20/2021","07:06:21.0","-7.392932","121.331484","13.980","3.9"
"12/20/2021","07:51:10.0","-7.502655","121.711196","5.381","2.8"
"12/20/2021","09:04:11.0","-7.456982","121.976436","10.083","2.6"
"12/20/2021","09:39:33.0","-7.512746","121.834909","10.841","3.7"
"12/20/2021","10:12:04.0","-7.958691","122.275758","7.741","2.6"
"12/20/2021","11:35:51.0","-7.687269","122.468014","12.583","3.4"
"12/20/2021","12:42:10.0","-7.375985","121.293479","13.691","2.6"
"12/20/2021","12:51:27.0","-7.674385","121.625981","6.699","2.8"
"12/20/2021","13:25:01.0","-7.502039","121.632865","13.678","3.1"
"12/20/2021","13:30:09.0","-7.740201","122.348878","10.218","3.1"
"12/20/2021","14:36:26.0","-7.407663","121.971878","9.672","3.1"
"12/20/2021","14:51:25.0","-7.228223","121.176751","12.247","2.6"
"12/20/2021","14:54:27.0","-7.974254","122.452978","14.689","2.5"
"12/20/2021","15:11:43.0","-7.533136","122.11704","7.411","2.8"
"12/20/2021","17:15:30.0","-7.239762","121.173506","10.006","2.7"
"12/20/2021","17:28:30.0","-7.377327","121.138055","5.980","2.8"
"12/20/2021","17:38:23.0","-7.416961","121.787769","10.431","3.4"
"12/20/2021","17:54:23.0","-7.93605","122.41595","11.438","2.7"
"12/20/2021","18:00:03.0","-7.453818","121.774055","9.076","2.9"
"12/20/2021","18:53:24.0","-7.664656","122.563439","12.895","3.4"
"12/20/2021","19:00:35.0","-7.703022","122.53972","8.246","2.9"
"12/20/2021","19:04:41.0","-7.608618","122.601322","11.203","2.6"
"12/20/2021","19:11:00.0","-7.459612","121.800238","20.647","2.8"
"12/20/2021","19:13:35.0","-7.494487","121.638414","13.908","2.5"
"12/20/2021","19:35:07.0","-7.693127","122.575479","18.078","2.9"
"12/20/2021","19:38:16.0","-7.71751","122.426912","13.544","2.6"
"12/20/2021","19:40:41.0","-7.195","121.186258","10.644","2.6"
"12/20/2021","19:47:36.0","-7.423181","121.786992","9.836","2.5"
"12/20/2021","20:11:45.0","-7.432989","121.666112","13.559","2.0"
"12/20/2021","20:18:25.0","-7.601145","122.324653","12.905","2.2"
"12/20/2021","20:28:37.0","-7.57737","122.580215","14.491","2.5"
"12/20/2021","20:40:11.0","-7.614884","122.573262","12.012","2.6"
"12/20/2021","20:49:37.0","-7.218389","121.453005","9.330","2.6"
"12/20/2021","21:13:14.0","-7.354973","122.024503","7.010","2.2"
"12/20/2021","21:17:23.0","-7.872954","122.390958","16.340","2.7"
"12/20/2021","21:49:15.0","-7.588459","122.311422","13.258","2.8"
"12/20/2021","22:38:02.0","-7.650709","121.429481","10.195","2.7"
"12/20/2021","22:55:06.0","-7.19217","121.15433","8.253","2.6"
"12/20/2021","23:29:33.0","-7.750213","122.154563","9.876","2.7"
"12/21/2021","03:04:26.0","-7.683399","122.177824","10.951","2.9"
"12/21/2021","03:25:06.0","-7.937933","122.409687","12.810","2.8"
"12/21/2021","04:06:45.0","-7.446741","121.538364","9.056","2.9"
"12/21/2021","04:09:40.0","-7.727543","122.357805","6.016","2.8"
"12/21/2021","04:12:18.0","-7.919425","122.444509","14.480","3.0"
"12/21/2021","04:43:50.0","-7.52789","122.102168","13.003","2.9"
"12/21/2021","05:23:00.0","-7.525781","122.144799","10.638","3.5"
"12/21/2021","05:25:21.0","-7.528525","121.625031","11.219","3.6"
"12/21/2021","05:37:54.0","-7.097976","121.274338","14.304","3.4"
"12/21/2021","05:44:14.0","-7.998909","122.471948","11.404","3.0"
"12/21/2021","06:44:43.0","-7.704643","122.435975","17.050","3.1"
"12/21/2021","07:26:04.0","-7.341549","121.18596","17.020","3.4"
"12/21/2021","07:37:42.0","-7.341732","121.266866","7.119","3.1"
"12/21/2021","09:38:50.0","-7.469803","121.64716","11.180","2.6"
"12/21/2021","10:22:53.0","-7.702503","121.99403","12.987","2.7"
"12/21/2021","11:14:55.0","-7.323756","121.289583","9.496","4.3"
"12/21/2021","11:44:51.0","-7.890252","122.031452","6.354","2.4"
"12/21/2021","11:45:43.0","-7.350675","121.988289","9.385","2.8"
"12/21/2021","11:53:19.0","-7.610653","122.294209","8.362","2.8"
"12/21/2021","12:10:18.0","-7.389738","121.897296","7.122","2.8"
"12/21/2021","12:14:52.0","-7.597519","122.014866","8.468","2.7"
"12/21/2021","12:26:03.0","-7.677457","122.462556","8.962","3.3"
"12/21/2021","13:27:15.0","-7.516629","122.097881","6.448","2.6"
"12/21/2021","13:28:00.0","-7.468018","121.988874","10.154","2.6"
"12/21/2021","13:29:16.0","-7.385333","121.68399","9.144","2.3"
"12/21/2021","13:34:43.0","-7.666437","122.062372","7.453","2.6"
"12/21/2021","13:44:22.0","-7.629443","122.364091","10.047","2.7"
"12/21/2021","13:53:01.0","-7.638205","122.433734","6.867","2.6"
"12/21/2021","13:54:30.0","-7.204142","121.234833","11.482","2.7"
"12/21/2021","14:03:51.0","-7.445832","121.731977","15.014","3.3"
"12/21/2021","14:27:15.0","-7.488804","122.14436","13.014","2.8"
"12/21/2021","14:37:00.0","-7.970425","122.38182","7.127","2.4"
"12/21/2021","15:08:45.0","-7.606805","122.240298","8.467","2.3"
"12/21/2021","15:10:12.0","-7.561534","121.641276","10.023","2.6"
"12/21/2021","15:33:27.0","-7.684935","121.65307","10.204","2.1"
"12/21/2021","15:37:10.0","-7.53933","122.248547","9.991","3.2"
"12/21/2021","15:48:17.0","-7.971304","122.377898","13.672","2.6"
"12/21/2021","15:59:55.0","-7.67655","122.35399","7.586","3.0"
"12/21/2021","16:15:37.0","-7.23459","121.136324","7.480","2.1"
"12/21/2021","16:35:06.0","-7.485271","121.756994","8.758","2.4"
"12/21/2021","16:39:21.0","-7.191113","121.331791","8.009","2.2"
"12/21/2021","17:05:25.0","-7.394464","121.61516","9.745","2.8"
"12/21/2021","17:44:09.0","-7.589091","122.143437","9.589","2.4"
"12/21/2021","17:59:01.0","-7.512237","122.067377","13.560","2.4"
"12/21/2021","18:17:35.0","-7.843241","122.58632","12.964","2.8"
"12/21/2021","18:24:50.0","-7.092826","121.258921","13.493","2.6"
"12/21/2021","18:30:43.0","-7.60535","121.674746","5.890","2.7"
"12/21/2021","18:45:14.0","-7.386983","121.748973","12.700","2.5"
"12/21/2021","18:46:37.0","-7.561068","122.415544","13.891","2.6"
"12/21/2021","18:56:42.0","-7.687208","122.318569","7.987","2.4"
"12/21/2021","19:12:12.0","-7.419706","121.72566","10.640","2.4"
"12/21/2021","19:12:55.0","-7.879177","122.404145","12.024","2.6"
"12/21/2021","19:19:57.0","-7.911727","122.389311","6.247","2.4"
"12/21/2021","19:22:07.0","-7.480837","121.706981","9.720","2.9"
"12/21/2021","19:34:42.0","-7.571086","122.481274","8.266","2.3"
"12/21/2021","19:49:26.0","-7.590757","121.479782","12.325","2.5"
"12/21/2021","20:23:20.0","-7.54956","121.626465","9.975","2.4"
"12/21/2021","20:31:29.0","-7.678687","122.349355","11.060","2.6"
"12/21/2021","20:53:00.0","-7.543677","122.291541","9.561","3.0"
"12/21/2021","20:54:12.0","-7.771018","122.475199","9.682","2.6"
"12/21/2021","20:54:56.0","-7.056756","121.599497","6.674","2.6"
"12/21/2021","21:10:30.0","-7.274308","121.026342","12.426","3.5"
"12/21/2021","21:15:28.0","-7.596057","121.864827","11.826","2.9"
"12/21/2021","21:43:11.0","-7.571327","121.672192","11.733","2.3"
"12/21/2021","21:53:21.0","-7.556944","122.143043","10.654","2.4"
"12/21/2021","22:03:05.0","-7.221533","121.108324","9.284","2.1"
"12/21/2021","22:14:02.0","-7.634434","122.258746","9.774","2.3"
"12/21/2021","22:17:34.0","-7.718471","122.358575","7.077","2.4"
"12/21/2021","22:25:17.0","-7.935543","122.427263","14.030","3.8"
"12/21/2021","22:39:22.0","-8.008509","122.590841","10.446","2.5"
"12/21/2021","22:44:30.0","-7.589792","122.116058","12.008","2.7"
"12/21/2021","22:47:58.0","-7.681442","122.507485","10.601","2.8"
"12/21/2021","23:05:47.0","-7.223847","121.243244","12.429","2.4"
"12/21/2021","23:12:54.0","-7.539857","122.207437","9.405","2.8"
"12/21/2021","23:18:00.0","-7.436565","121.375133","13.093","2.3"
"12/21/2021","23:22:44.0","-7.881081","122.288359","8.000","2.1"
"12/21/2021","23:24:00.0","-7.641306","122.247807","9.651","2.5"
"12/21/2021","23:26:33.0","-7.451755","121.373816","10.273","2.2"
"12/21/2021","23:32:24.0","-7.829246","122.422215","10.443","2.3"
"12/22/2021","00:29:11.0","-7.470176","121.640373","8.116","3.4"
"12/22/2021","01:41:04.0","-7.589482","121.512283","10.549","2.8"
"12/22/2021","04:22:35.0","-7.644561","122.391852","11.028","2.5"
"12/22/2021","04:31:35.0","-7.547324","122.096757","6.994","3.0"
"12/22/2021","05:18:21.0","-7.556593","121.615991","10.494","2.5"
"12/22/2021","05:35:21.0","-7.521819","121.371169","9.042","2.2"
"12/22/2021","05:37:08.0","-7.581179","121.855011","10.488","2.8"
"12/22/2021","05:38:40.0","-7.539728","121.690225","11.538","2.9"
"12/22/2021","05:56:09.0","-7.923934","122.40363","8.039","2.9"
"12/22/2021","06:07:45.0","-7.944486","122.158742","12.207","2.8"
"12/22/2021","06:39:13.0","-7.725418","122.455276","10.628","2.8"
"12/22/2021","07:49:54.0","-7.962711","122.411501","9.752","3.5"
"12/22/2021","11:22:07.0","-7.443931","121.494141","16.070","2.5"
"12/22/2021","11:55:07.0","-7.945824","122.596624","6.741","2.5"
"12/22/2021","12:46:48.0","-7.355801","121.968275","12.958","2.8"
"12/22/2021","13:37:41.0","-7.718779","122.498341","14.317","2.6"
"12/22/2021","13:46:43.0","-7.509558","121.680996","5.473","2.5"
"12/22/2021","13:57:26.0","-7.733756","122.511875","14.189","2.6"
"12/22/2021","14:16:26.0","-7.552619","121.461876","10.783","2.4"
"12/22/2021","14:47:11.0","-7.617234","122.323063","8.079","2.9"
"12/22/2021","14:56:23.0","-7.545048","121.694485","9.325","3.7"
"12/22/2021","16:16:16.0","-7.532932","122.036594","14.690","3.1"
"12/22/2021","17:24:40.0","-7.678826","122.494574","11.014","2.3"
"12/22/2021","17:32:55.0","-7.494277","121.698493","10.826","2.9"
"12/22/2021","18:11:13.0","-7.520739","121.721226","7.873","2.6"
"12/22/2021","18:26:15.0","-7.252072","121.124506","7.245","2.7"
"12/22/2021","18:44:06.0","-7.507719","122.154033","11.585","2.8"
"12/22/2021","18:58:38.0","-7.5274","121.592542","10.467","3.3"
"12/22/2021","19:16:39.0","-7.528069","121.909184","9.031","2.9"
"12/22/2021","19:24:32.0","-7.609946","122.314083","11.596","3.2"
"12/23/2021","02:19:49.0","-7.505212","121.49489","9.431","2.6"
"12/23/2021","02:29:52.0","-7.317694","121.276306","11.586","3.9"
"12/23/2021","03:07:32.0","-7.66565","122.597041","7.660","2.7"
"12/23/2021","03:26:20.0","-7.436827","121.819672","7.002","3.2"
"12/23/2021","06:16:10.0","-7.658483","122.290513","9.650","3.0"
"12/23/2021","06:19:17.0","-7.330519","121.259078","10.006","3.6"
"12/23/2021","09:17:08.0","-7.638738","122.158905","7.386","2.7"
"12/23/2021","10:17:49.0","-7.607798","122.292288","12.085","2.9"
"12/23/2021","12:18:59.0","-7.5261","122.076482","11.032","2.6"
"12/23/2021","13:16:48.0","-7.80899","122.480541","9.371","2.5"
"12/23/2021","14:39:10.0","-7.524578","121.955952","12.127","3.5"
"12/23/2021","15:27:04.0","-7.9672","122.412743","8.471","2.8"
"12/23/2021","15:51:04.0","-7.583398","122.297735","9.771","2.8"
"12/23/2021","17:00:01.0","-7.665576","122.574553","12.161","3.3"
"12/23/2021","17:40:47.0","-6.637939","120.72766","7.822","2.2"
"12/23/2021","18:10:27.0","-7.52705","121.745634","11.692","2.6"
"12/23/2021","18:21:16.0","-7.707194","122.535636","9.015","2.6"
"12/23/2021","18:25:44.0","-7.512702","122.324003","14.927","2.4"
"12/23/2021","19:14:31.0","-7.910181","122.464166","7.211","2.4"
"12/23/2021","19:39:53.0","-7.571691","121.323752","10.295","2.2"
"12/23/2021","19:41:28.0","-7.688082","122.534882","6.661","2.5"
"12/23/2021","19:47:50.0","-7.710987","122.396984","12.828","2.5"
"12/23/2021","19:51:46.0","-7.652923","122.553352","12.784","2.4"
"12/23/2021","20:17:13.0","-7.729045","122.538548","7.722","2.5"
"12/23/2021","20:20:19.0","-7.591517","121.891663","8.354","2.9"
"12/23/2021","20:37:38.0","-7.577283","121.560955","5.336","2.4"
"12/23/2021","20:45:49.0","-7.614176","122.361168","8.961","2.5"
"12/23/2021","20:47:09.0","-7.755615","122.501238","7.512","2.2"
"12/23/2021","20:48:38.0","-7.733758","122.441606","7.339","2.9"
"12/24/2021","00:55:56.0","-7.547097","121.720559","16.147","2.5"
"12/24/2021","01:02:52.0","-7.835168","122.229745","7.205","2.1"
"12/24/2021","01:56:01.0","-7.5523","121.984791","11.563","2.6"
"12/24/2021","01:59:01.0","-7.477413","121.759578","10.275","2.9"
"12/24/2021","02:32:12.0","-7.967329","122.37467","10.096","2.5"
"12/24/2021","03:27:19.0","-7.523561","122.331625","12.837","3.1"
"12/24/2021","03:33:49.0","-7.578649","122.42926","7.839","2.9"
"12/24/2021","04:11:29.0","-7.526793","121.674249","11.893","3.3"
"12/24/2021","04:14:41.0","-7.944636","122.430396","7.728","3.1"
"12/24/2021","04:32:49.0","-7.228352","121.915834","8.852","2.9"
"12/24/2021","06:03:52.0","-7.568746","122.30167","9.993","2.4"
"12/24/2021","06:51:32.0","-7.233566","121.212403","14.384","2.5"
"12/24/2021","08:43:36.0","-7.449693","121.754448","17.362","2.7"
"12/24/2021","08:47:53.0","-7.916957","122.463339","10.208","2.4"
"12/24/2021","08:58:51.0","-7.499174","121.476832","11.841","2.3"
"12/24/2021","09:04:54.0","-7.938424","122.376571","9.288","2.2"
"12/24/2021","09:17:05.0","-7.545794","122.124169","9.779","2.4"
"12/24/2021","09:52:03.0","-7.69124","121.575614","14.354","2.4"
"12/24/2021","09:54:08.0","-7.629434","121.738582","13.710","2.8"
"12/24/2021","10:00:59.0","-7.510005","121.597068","9.947","2.4"
"12/24/2021","10:10:35.0","-7.519583","122.268328","11.429","2.6"
"12/24/2021","10:11:52.0","-7.968846","122.475325","11.814","2.3"
"12/24/2021","10:56:40.0","-7.897428","122.708741","8.362","2.4"
"12/24/2021","11:44:33.0","-7.953413","122.270305","7.370","2.3"
"12/24/2021","12:01:35.0","-7.379869","122.04538","10.540","2.4"
"12/24/2021","14:59:40.0","-7.563497","122.359846","8.547","2.8"
"12/24/2021","17:45:53.0","-7.517579","121.657305","10.729","2.8"
"12/24/2021","17:47:31.0","-7.893413","122.376978","8.510","2.9"
"12/24/2021","18:10:34.0","-7.632724","122.331142","7.597","2.9"
"12/24/2021","20:04:07.0","-7.568579","122.288657","9.960","2.8"
"12/24/2021","20:52:15.0","-7.607352","121.851882","8.525","3.1"
"12/24/2021","21:07:47.0","-7.566496","121.85444","11.063","4.0"
"12/24/2021","21:13:25.0","-6.995831","121.088599","9.431","2.7"
"12/24/2021","21:51:11.0","-7.28915","121.256936","8.446","2.7"
"12/24/2021","23:15:51.0","-7.969842","122.402112","14.922","2.4"
"12/24/2021","23:58:59.0","-7.579732","122.141095","11.929","2.7"
"12/25/2021","01:33:29.0","-7.504251","121.145234","8.485","2.5"
"12/25/2021","02:14:30.0","-7.841038","122.416221","7.092","3.1"
"12/25/2021","02:20:57.0","-7.515478","122.077344","13.937","2.5"
"12/25/2021","02:59:06.0","-7.622172","122.43528","11.574","3.1"
"12/25/2021","03:06:14.0","-7.625642","122.410632","11.316","3.0"
"12/25/2021","04:01:48.0","-7.60826","122.448659","12.756","3.0"
"12/25/2021","04:34:37.0","-7.58967","122.253725","11.593","2.6"
"12/25/2021","05:44:26.0","-7.555043","121.677408","9.066","3.3"
"12/25/2021","05:51:52.0","-7.404173","121.251178","7.321","2.3"
"12/25/2021","06:15:46.0","-7.997407","122.485073","12.086","3.1"
"12/25/2021","07:22:16.0","-7.531579","122.129635","11.843","2.9"
"12/25/2021","10:03:46.0","-7.516018","121.637117","7.576","3.9"
"12/25/2021","12:05:38.0","-7.266665","121.114109","11.772","2.5"
"12/25/2021","12:09:22.0","-7.563496","121.603384","6.802","2.5"
"12/25/2021","14:33:03.0","-7.438773","121.724668","9.304","3.6"
"12/25/2021","15:29:49.0","-7.214129","121.129502","9.444","2.7"
"12/25/2021","16:00:59.0","-7.271781","121.090266","12.948","2.5"
"12/25/2021","16:04:32.0","-7.194633","121.117295","8.202","2.5"
"12/25/2021","16:43:32.0","-7.617621","122.369492","12.426","2.4"
"12/25/2021","17:17:17.0","-6.873711","120.713778","8.664","2.8"
"12/25/2021","18:55:58.0","-7.810592","122.531771","11.580","2.7"
"12/25/2021","22:34:40.0","-7.507775","121.454672","9.343","3.7"
"12/26/2021","00:53:51.0","-7.81082","122.545148","10.215","2.9"
"12/26/2021","01:03:06.0","-7.178692","121.160924","14.786","2.8"
"12/26/2021","01:08:19.0","-7.103049","121.126226","13.919","2.9"
"12/26/2021","02:42:15.0","-7.646627","122.405273","8.506","2.9"
"12/26/2021","02:48:56.0","-7.160119","121.196815","14.255","2.7"
"12/26/2021","03:22:07.0","-7.484956","121.869296","7.436","3.0"
"12/26/2021","05:49:21.0","-7.757126","122.529246","13.115","3.3"
"12/26/2021","08:52:51.0","-6.859727","120.712214","13.931","3.2"
"12/26/2021","08:53:59.0","-7.298335","121.018948","9.489","3.2"
"12/26/2021","10:04:24.0","-7.558822","121.895952","8.267","3.0"
"12/26/2021","13:38:14.0","-7.582098","121.568224","3.930","2.7"
"12/26/2021","13:56:03.0","-7.564532","122.170579","9.736","3.0"
"12/26/2021","14:03:02.0","-7.538508","122.142519","6.614","2.6"
"12/26/2021","14:24:18.0","-7.436739","121.601781","10.455","2.9"
"12/26/2021","14:44:34.0","-7.50782","121.641959","14.480","2.9"
"12/26/2021","16:02:42.0","-7.261327","121.123233","12.975","2.5"
"12/26/2021","16:34:57.0","-7.493118","121.99437","8.636","2.6"
"12/26/2021","18:05:17.0","-7.651549","122.040337","4.892","2.4"
"12/26/2021","18:17:34.0","-7.734789","122.483997","6.671","2.7"
"12/26/2021","19:54:05.0","-7.70882","122.552137","15.655","2.6"
"12/26/2021","22:51:50.0","-7.528174","121.937775","9.015","3.9"
"12/26/2021","22:58:20.0","-7.596643","121.871155","7.371","3.2"
"12/26/2021","22:59:26.0","-6.908525","120.64808","14.361","2.5"
"12/26/2021","23:18:26.0","-7.578577","121.929028","9.980","2.8"
"12/27/2021","00:30:12.0","-7.518924","121.938643","11.953","3.3"
"12/27/2021","01:34:13.0","-7.562133","121.577837","10.542","2.9"
"12/27/2021","02:00:14.0","-7.764534","121.771921","7.138","2.9"
"12/27/2021","05:21:52.0","-7.357603","121.727005","14.398","3.2"
"12/27/2021","08:19:09.0","-7.301963","121.09357","10.216","3.0"
"12/27/2021","08:23:39.0","-7.531407","121.626859","9.338","2.9"
"12/27/2021","10:09:00.0","-7.958255","122.384372","7.274","2.9"
"12/27/2021","11:58:02.0","-7.506406","121.680491","13.815","2.8"
"12/27/2021","12:59:58.0","-7.578965","122.293583","9.105","2.8"
"12/27/2021","14:47:40.0","-7.965252","122.404531","8.158","2.7"
"12/27/2021","16:23:55.0","-6.885983","120.669365","10.644","3.1"
"12/27/2021","19:33:00.0","-7.520841","122.127659","9.653","3.5"
"12/27/2021","21:53:47.0","-7.269551","121.070972","11.402","3.5"
"12/27/2021","22:12:28.0","-6.904959","120.732818","13.023","3.9"
"12/28/2021","00:16:47.0","-7.450944","121.427351","12.086","2.7"
"12/28/2021","02:49:47.0","-7.310765","121.222423","7.044","3.0"
"12/28/2021","03:31:54.0","-6.854816","120.737038","9.846","3.0"
"12/28/2021","03:33:06.0","-6.899409","120.768855","6.753","2.9"
"12/28/2021","03:43:04.0","-7.500784","121.673802","10.492","3.0"
"12/28/2021","04:45:11.0","-7.549291","121.861923","11.185","3.0"
"12/28/2021","06:38:21.0","-7.950912","122.38267","16.217","3.3"
"12/28/2021","07:40:56.0","-7.316251","120.969099","14.498","3.0"
"12/28/2021","10:49:55.0","-6.874263","120.704231","7.617","3.1"
"12/28/2021","11:09:00.0","-7.723254","122.349588","9.789","2.3"
"12/28/2021","11:40:45.0","-7.617315","122.269389","6.678","2.8"
"12/28/2021","11:58:08.0","-7.537121","121.793935","10.742","3.6"
"12/28/2021","12:56:59.0","-7.955382","122.362654","10.974","2.5"
"12/28/2021","13:55:08.0","-7.643467","122.301254","7.966","2.7"
"12/28/2021","14:36:02.0","-6.889081","120.687921","11.452","3.2"
"12/28/2021","15:12:51.0","-7.669793","122.341247","9.001","2.4"
"12/28/2021","16:09:39.0","-6.898493","120.648638","7.956","2.4"
"12/28/2021","17:40:42.0","-8.00463","122.424542","12.101","2.6"
"12/28/2021","19:06:24.0","-6.849623","120.755967","11.424","2.7"
"12/28/2021","19:46:38.0","-7.424672","121.40838","11.326","3.7"
"12/28/2021","20:04:56.0","-7.938542","122.382004","10.940","2.6"
"12/28/2021","23:22:42.0","-7.894907","122.201819","7.276","2.6"
"12/29/2021","00:50:07.0","-7.545939","121.745508","9.163","2.8"
"12/29/2021","01:19:43.0","-7.427786","121.838319","10.084","2.8"
"12/29/2021","01:54:46.0","-7.613848","122.483543","12.752","3.0"
"12/29/2021","02:04:18.0","-7.449723","121.944318","10.338","2.8"
"12/29/2021","02:29:36.0","-7.430959","121.787904","12.479","2.9"
"12/29/2021","05:51:47.0","-6.888029","120.668653","9.113","2.7"
"12/29/2021","07:05:41.0","-7.458084","121.914348","7.894","3.7"
"12/29/2021","09:16:29.0","-7.641254","122.392212","19.273","3.0"
"12/29/2021","13:24:16.0","-7.906236","122.384126","17.453","2.3"
"12/29/2021","14:27:58.0","-7.521222","121.642361","9.667","3.0"
"12/29/2021","14:56:42.0","-7.268739","121.044518","12.277","3.0"
"12/29/2021","15:21:45.0","-7.15043","120.84323","12.712","2.4"
"12/29/2021","15:25:18.0","-7.530657","121.859295","12.719","3.2"
"12/29/2021","15:28:33.0","-7.914475","122.367347","9.241","2.6"
"12/29/2021","17:42:33.0","-8.093919","122.330854","11.529","2.8"
"12/29/2021","20:57:16.0","-7.956225","122.427339","11.442","3.9"
"12/30/2021","00:09:07.0","-7.99434","122.420488","7.167","2.6"
"12/30/2021","03:37:54.0","-7.617058","122.255723","12.258","2.4"
"12/30/2021","04:28:46.0","-7.23856","121.043036","8.039","2.6"
"12/30/2021","05:03:05.0","-7.547346","121.609976","11.895","3.1"
"12/30/2021","05:04:14.0","-7.5874","121.545069","9.230","2.4"
"12/30/2021","05:48:17.0","-7.272925","121.100713","17.065","3.2"
"12/30/2021","05:54:28.0","-7.283313","121.04773","11.608","2.4"
"12/30/2021","06:24:59.0","-7.263773","121.023171","9.089","3.5"
"12/30/2021","06:35:34.0","-7.646399","122.303198","8.751","2.8"
"12/30/2021","07:30:17.0","-7.265387","121.083239","12.873","2.5"
"12/30/2021","10:10:54.0","-7.495397","121.877006","8.024","2.5"
"12/30/2021","10:34:15.0","-7.551312","121.714762","12.955","2.7"
"12/30/2021","11:59:38.0","-8.018075","122.475807","14.895","2.8"
"12/30/2021","17:20:19.0","-7.563254","122.411609","15.839","3.1"
"12/30/2021","18:58:49.0","-7.971166","122.475679","10.541","2.4"
"12/30/2021","19:07:54.0","-7.958939","122.468968","9.988","2.5"
"12/30/2021","19:26:35.0","-7.556916","122.102714","6.286","2.3"
"12/30/2021","19:34:27.0","-7.713674","122.452295","20.059","2.5"
"12/30/2021","20:48:22.0","-7.652045","122.370789","10.163","3.3"
"12/30/2021","21:26:39.0","-7.371157","121.198924","6.710","3.2"
"12/30/2021","22:04:15.0","-7.523187","122.172332","16.356","3.1"
"12/31/2021","01:04:28.0","-8.027481","122.382551","6.474","3.1"
"12/31/2021","02:43:06.0","-7.516401","121.69653","11.830","2.7"
"12/31/2021","05:47:42.0","-7.604044","121.716289","4.802","3.0"
"12/31/2021","07:34:20.0","-7.581322","121.642222","5.631","3.1"
"12/31/2021","11:33:17.0","-7.95288","122.425038","10.083","2.6"
"12/31/2021","11:42:59.0","-7.598623","122.221358","8.695","2.7"
"12/31/2021","11:44:03.0","-7.356173","122.414795","6.867","2.5"
"12/31/2021","12:53:40.0","-7.565544","122.422929","14.510","3.2"
"12/31/2021","20:59:54.0","-7.646275","121.568907","7.917","2.1"
"12/31/2021","23:20:25.0","-7.988625","122.548872","13.093","2.5"
"1/1/2022","05:29:21.0","-7.743392","121.896369","14.805","2.7"
"1/1/2022","05:35:55.0","-6.927512","120.766035","7.350","2.1"
"1/1/2022","07:02:59.0","-7.99894","122.372262","10.479","2.6"
"1/1/2022","08:09:48.0","-7.772443","122.160595","6.066","2.8"
"1/1/2022","09:07:56.0","-7.51766","122.109714","11.856","3.0"
"1/1/2022","11:44:05.0","-7.514991","122.200126","10.104","2.5"
"1/1/2022","14:33:42.0","-7.547947","121.59594","11.807","2.7"
"1/1/2022","20:23:40.0","-7.505772","122.031253","18.689","3.2"
"1/1/2022","22:04:14.0","-7.61321","122.404318","12.945","2.6"
"1/2/2022","00:03:55.0","-7.627004","122.411171","9.809","2.8"
"1/2/2022","01:47:16.0","-6.873358","120.706362","12.019","2.7"
"1/2/2022","01:49:21.0","-7.660964","122.479361","7.620","2.4"
"1/2/2022","02:00:55.0","-7.461071","121.738543","11.214","3.1"
"1/2/2022","02:11:58.0","-7.226841","121.18394","7.336","2.5"
"1/2/2022","02:35:48.0","-7.95152","122.176878","8.571","2.6"
"1/2/2022","03:53:36.0","-7.267219","121.051954","8.509","3.1"
"1/2/2022","06:23:55.0","-8.001442","122.427417","8.822","2.9"
"1/2/2022","10:59:31.0","-7.463657","122.009503","4.721","2.6"
"1/2/2022","11:51:32.0","-7.518433","121.974258","8.523","3.3"
"1/2/2022","14:59:40.0","-7.536968","121.662204","12.107","3.0"
"1/2/2022","15:32:03.0","-7.292091","121.275424","10.421","2.0"
"1/2/2022","18:19:32.0","-7.93329","122.407377","9.139","3.2"
"1/2/2022","18:56:30.0","-7.424011","121.972741","6.442","2.6"
"1/2/2022","19:50:51.0","-7.518396","121.725896","7.992","2.5"
"1/2/2022","21:23:41.0","-7.999902","122.353304","7.351","2.4"
"1/2/2022","22:01:28.0","-7.690967","121.873458","7.465","2.3"
"1/3/2022","00:33:51.0","-7.934403","122.371928","14.389","2.7"
"1/3/2022","01:22:42.0","-7.995262","122.46196","10.983","2.9"
"1/3/2022","02:32:39.0","-7.601241","122.222935","8.400","3.1"
"1/3/2022","04:43:53.0","-6.618195","120.738131","22.141","2.3"
"1/3/2022","08:39:33.0","-7.530121","121.909153","9.637","4.0"
"1/3/2022","09:57:42.0","-7.189591","120.990182","13.895","2.8"
"1/3/2022","11:42:18.0","-7.318132","121.754389","9.818","2.8"
"1/3/2022","14:31:15.0","-7.54687","121.864951","7.335","2.4"
"1/3/2022","16:44:27.0","-7.827894","122.367","8.387","2.6"
"1/3/2022","17:30:17.0","-7.522077","121.714119","13.436","3.0"
"1/3/2022","18:03:46.0","-7.448137","121.790825","17.642","3.3"
"1/3/2022","19:30:26.0","-7.516628","122.37951","10.917","2.5"
"1/3/2022","19:46:47.0","-7.52331","121.822252","8.852","2.3"
"1/3/2022","20:17:30.0","-7.638437","122.416077","8.496","2.6"
"1/3/2022","20:29:28.0","-7.711597","121.471436","12.531","2.0"
"1/3/2022","22:51:27.0","-7.517136","121.669119","21.694","3.6"
"1/4/2022","02:08:08.0","-7.570076","121.596886","7.241","2.9"
"1/4/2022","04:42:31.0","-7.50947","121.599306","12.482","2.7"
"1/4/2022","05:06:07.0","-7.63384","122.353221","11.465","2.7"
"1/4/2022","07:07:31.0","-7.544767","121.796392","14.704","3.1"
"1/4/2022","07:52:43.0","-7.919935","122.248882","8.452","2.4"
"1/4/2022","09:54:39.0","-7.959086","122.645498","15.337","3.1"
"1/4/2022","15:49:10.0","-7.891848","121.94745","18.628","2.1"
"1/4/2022","16:59:53.0","-7.980292","122.419038","9.078","3.0"
"1/4/2022","21:29:33.0","-7.956667","122.438441","10.613","2.8"
"1/5/2022","06:43:33.0","-7.154919","120.766721","11.767","2.7"
"1/5/2022","09:38:49.0","-7.830839","122.421139","10.013","2.5"
"1/5/2022","11:48:24.0","-7.667937","122.313511","4.554","3.1"
"1/5/2022","12:40:31.0","-7.492844","121.507876","11.694","2.3"
"1/5/2022","15:48:05.0","-7.893855","122.384217","11.219","3.3"
"1/5/2022","16:30:26.0","-7.738956","122.531168","9.922","2.6"
"1/5/2022","18:13:44.0","-7.331617","121.195445","11.688","2.5"
"1/5/2022","18:15:20.0","-7.546286","121.99259","15.279","2.4"
"1/5/2022","20:04:35.0","-7.969087","122.348917","14.812","2.4"
"1/5/2022","20:06:29.0","-7.953597","122.363499","11.254","2.5"
"1/5/2022","23:45:22.0","-7.124255","120.744196","7.435","2.4"
"1/5/2022","23:58:40.0","-7.363205","121.242641","7.053","2.7"
"1/6/2022","01:14:38.0","-7.099522","120.750537","10.214","3.5"
"1/6/2022","03:42:00.0","-7.825999","121.666026","8.246","2.9"
"1/6/2022","06:38:19.0","-7.965949","122.340296","12.451","2.7"
"1/6/2022","06:58:32.0","-7.845175","122.278206","8.282","2.7"
"1/6/2022","14:35:07.0","-7.511722","121.560994","8.660","2.6"
"1/6/2022","19:37:38.0","-7.454656","121.993015","5.986","2.6"
"1/6/2022","20:34:08.0","-7.888639","122.392337","9.189","2.6"
"1/6/2022","20:39:10.0","-7.64495","122.443884","11.708","2.8"
"1/7/2022","01:54:52.0","-7.506135","122.138619","7.962","3.1"
"1/7/2022","02:00:17.0","-7.656868","122.34521","15.743","2.9"
"1/7/2022","03:39:49.0","-7.771809","122.097772","15.376","2.7"
"1/7/2022","04:20:27.0","-7.520351","121.728977","12.174","2.5"
"1/7/2022","06:04:57.0","-8.009252","122.396806","6.733","2.9"
"1/7/2022","06:55:45.0","-7.941488","122.009488","10.967","2.4"
"1/7/2022","09:05:24.0","-7.951761","122.380133","11.827","2.9"
"1/7/2022","12:28:04.0","-7.961112","122.366223","11.022","2.7"
"1/7/2022","15:24:29.0","-7.557088","121.842675","8.742","3.0"
"1/8/2022","00:32:43.0","-7.48665","121.249724","9.213","2.6"
"1/8/2022","00:34:26.0","-7.264907","121.091547","8.265","2.5"
"1/8/2022","00:51:03.0","-7.852835","122.636007","8.124","2.4"
"1/8/2022","01:15:44.0","-7.430492","121.372253","13.437","3.1"
"1/8/2022","01:24:54.0","-7.425278","121.375725","11.390","3.4"
"1/8/2022","01:32:56.0","-8.008786","122.387441","11.393","3.1"
"1/8/2022","02:25:18.0","-7.390143","120.841685","6.653","3.1"
"1/8/2022","02:40:04.0","-7.626464","121.572779","5.162","2.9"
"1/8/2022","03:01:59.0","-7.974037","122.452728","7.799","2.9"
"1/8/2022","06:15:03.0","-8.056069","122.422893","7.053","2.6"
"1/8/2022","12:56:25.0","-7.952607","122.404601","14.158","3.4"
"1/8/2022","14:49:04.0","-7.951889","122.407107","6.874","3.1"
"1/8/2022","15:55:57.0","-7.557124","122.184132","13.893","2.5"
"1/8/2022","19:46:50.0","-7.470585","122.137925","14.423","3.0"
"1/9/2022","05:12:19.0","-7.639529","122.277463","5.282","2.6"
"1/9/2022","11:59:38.0","-7.621539","122.336798","14.249","2.8"
"1/9/2022","12:47:26.0","-7.572326","121.691635","6.889","2.5"
"1/9/2022","13:53:03.0","-7.253397","121.142499","7.766","3.7"
"1/9/2022","15:35:43.0","-7.730944","122.461188","12.692","3.0"
"1/9/2022","18:14:42.0","-7.610108","122.441219","20.167","2.6"
"1/9/2022","20:26:53.0","-7.5225","121.658744","8.510","2.7"
"1/10/2022","19:21:36.0","-6.723483","120.771519","15.321","2.0"
"1/11/2022","05:19:54.0","-7.569734","122.399936","9.971","3.2"
"1/11/2022","06:21:55.0","-7.69827","122.329627","9.101","2.6"
"1/11/2022","07:38:46.0","-7.259743","121.083971","8.314","2.4"
"1/11/2022","10:21:06.0","-7.603498","122.411164","10.616","3.0"
"1/11/2022","13:50:03.0","-7.737221","122.402269","9.110","2.8"
"1/11/2022","16:01:23.0","-7.908408","122.464074","9.584","2.3"
"1/11/2022","19:50:53.0","-7.937299","122.358726","8.901","3.5"
"1/11/2022","20:05:56.0","-7.921805","122.365466","15.661","3.0"
"1/11/2022","21:37:17.0","-7.945075","122.360759","10.878","3.3"
"1/11/2022","23:56:32.0","-7.94853","122.37776","15.335","2.9"
"1/12/2022","00:15:22.0","-7.673156","121.78859","7.602","3.0"
"1/12/2022","01:30:32.0","-7.906327","122.369358","7.419","2.8"
"1/12/2022","07:37:18.0","-7.9097","122.368391","18.580","3.0"
"1/12/2022","16:23:09.0","-7.951045","122.455572","5.954","2.8"
"1/12/2022","17:38:24.0","-7.544547","122.261568","12.734","2.7"
"1/13/2022","16:40:05.0","-7.677496","122.483975","14.985","3.3"
"1/13/2022","16:42:20.0","-7.647503","122.485925","11.778","3.0"
"1/14/2022","13:29:50.0","-7.965232","122.416435","9.778","2.9"
"1/14/2022","18:25:47.0","-7.299408","121.102333","11.229","3.6"
"1/14/2022","20:01:17.0","-7.30337","121.12872","10.038","3.1"
"1/14/2022","22:21:30.0","-7.484127","122.227672","8.677","3.2"
"1/15/2022","11:57:42.0","-7.301089","120.88567","10.705","3.0"
"1/15/2022","14:09:54.0","-7.490687","121.634431","5.130","2.8"
"1/15/2022","16:46:40.0","-6.802747","120.914727","13.222","2.7"
"1/15/2022","19:42:24.0","-7.643782","122.377448","13.137","3.0"
"1/15/2022","20:59:14.0","-7.512608","121.829238","15.620","3.2"
"1/16/2022","07:18:54.0","-7.926667","122.479232","9.028","3.1"
"1/16/2022","20:49:27.0","-7.558923","122.27555","16.186","3.5"
"1/17/2022","04:07:24.0","-7.461927","121.548642","8.630","2.5"
"1/18/2022","05:42:18.0","-7.566086","122.088985","12.810","3.3"
"1/18/2022","12:44:40.0","-7.27972","121.16545","8.472","2.6"
"1/18/2022","13:02:43.0","-8.049319","122.494145","11.596","2.2"
"1/18/2022","15:44:22.0","-7.739688","122.462093","10.188","2.3"
"1/18/2022","17:09:43.0","-7.554452","121.636139","7.488","2.7"
"1/18/2022","17:31:16.0","-7.937171","122.356027","13.263","3.9"
"1/19/2022","00:36:25.0","-7.304354","121.125999","7.201","2.5"
"1/19/2022","02:24:36.0","-7.958266","122.44259","9.204","2.6"
"1/19/2022","21:24:17.0","-8.002432","122.463051","11.932","3.7"
"1/20/2022","00:01:29.0","-7.267081","121.219706","10.600","3.0"
"1/20/2022","10:27:16.0","-7.248607","121.132795","7.089","2.4"
"1/20/2022","14:12:13.0","-7.261342","121.159421","9.687","3.2"
"1/20/2022","15:06:03.0","-7.2576","121.183306","11.124","2.4"
"1/20/2022","16:08:21.0","-7.267208","121.195473","9.218","2.8"
"1/20/2022","16:29:40.0","-7.26497","121.157142","10.020","2.9"
"1/20/2022","17:32:41.0","-7.918167","122.384294","16.211","2.4"
"1/20/2022","17:52:37.0","-7.950978","122.342911","10.205","2.7"
"1/20/2022","18:11:55.0","-7.697929","122.490467","12.086","3.6"
"1/20/2022","19:25:01.0","-7.603285","122.05873","7.358","2.5"
"1/21/2022","03:35:59.0","-7.945217","122.407171","8.043","2.7"
"1/21/2022","09:18:50.0","-7.285503","121.098206","9.127","2.7"
"1/21/2022","11:48:14.0","-7.695683","122.412279","8.612","2.7"
"1/21/2022","12:50:53.0","-7.699431","121.655652","13.089","2.5"
"1/21/2022","15:47:49.0","-7.985231","122.399933","12.960","3.2"
"1/21/2022","17:04:55.0","-7.526149","121.623872","10.173","3.0"
"1/21/2022","23:11:49.0","-7.651252","122.444163","12.046","3.0"
"1/22/2022","11:14:47.0","-7.346569","121.495358","18.416","2.6"
"1/22/2022","11:57:19.0","-7.600397","121.376872","13.583","2.6"
"1/22/2022","12:14:38.0","-7.513784","122.389957","8.098","3.0"
"1/22/2022","12:40:23.0","-7.262317","121.222417","8.055","2.3"
"1/22/2022","13:08:58.0","-7.598774","122.284782","7.525","2.7"
"1/22/2022","13:13:51.0","-7.541507","121.941972","10.887","2.7"
"1/22/2022","13:42:48.0","-7.657467","122.339577","9.291","2.3"
"1/22/2022","17:45:28.0","-7.519164","121.657811","11.454","2.1"
"1/22/2022","17:52:58.0","-7.39774","121.777591","11.936","2.6"
"1/22/2022","19:06:19.0","-7.693392","122.277803","5.537","2.5"
"1/22/2022","20:16:33.0","-7.249994","121.243379","15.001","3.0"
"1/22/2022","20:30:44.0","-7.528128","121.713394","14.733","2.6"
"1/22/2022","20:33:05.0","-7.277035","121.1764","19.513","2.5"
"1/22/2022","20:50:08.0","-7.274862","121.238152","15.508","3.1"
"1/22/2022","23:52:51.0","-7.516196","121.65636","12.047","2.5"
"1/23/2022","02:25:42.0","-7.427368","121.548728","12.625","2.6"
"1/23/2022","05:20:12.0","-7.517471","121.892796","8.219","3.7"
"1/23/2022","06:11:58.0","-7.526501","121.790661","16.778","3.0"
"1/23/2022","06:52:19.0","-8.020103","122.466806","7.225","3.8"
"1/23/2022","12:15:07.0","-7.324513","121.842947","20.009","2.6"
"1/23/2022","20:30:08.0","-7.62626","122.289488","7.206","2.8"
"1/23/2022","21:11:50.0","-7.978475","122.468926","14.103","3.2"
"1/23/2022","21:45:55.0","-7.865551","122.446975","9.977","2.6"
"1/24/2022","01:38:05.0","-7.526598","122.281058","9.071","3.2"
"1/24/2022","03:08:15.0","-7.691215","122.50756","12.241","2.7"
"1/24/2022","10:13:03.0","-7.558046","121.62002","7.052","2.6"
"1/24/2022","20:48:14.0","-7.622333","122.362087","11.884","2.5"
"1/25/2022","03:29:48.0","-7.480243","122.17582","13.121","2.7"
"1/25/2022","04:55:02.0","-7.643352","122.307874","13.352","2.8"
"1/25/2022","06:21:15.0","-8.02155","122.464971","12.341","3.1"
"1/25/2022","12:08:26.0","-6.681893","120.552556","12.653","2.4"
"1/25/2022","13:40:45.0","-7.919827","122.388916","14.674","2.8"
"1/25/2022","15:10:38.0","-7.999206","122.509634","14.076","2.5"
"1/25/2022","18:16:10.0","-7.971793","122.478139","12.715","2.7"
"1/25/2022","21:10:54.0","-7.525329","121.772992","13.716","2.7"
"1/25/2022","22:23:59.0","-7.586606","122.288065","10.202","2.6"
"1/25/2022","22:58:12.0","-7.566758","122.276431","8.086","2.9"
"1/26/2022","06:00:44.0","-7.796655","122.391129","4.790","2.9"
"1/26/2022","07:12:05.0","-7.234306","121.284575","9.879","2.6"
"1/26/2022","18:49:47.0","-7.253856","121.087674","9.392","3.3"
"1/27/2022","03:19:53.0","-6.660186","120.677484","14.420","3.3"
"1/27/2022","03:55:43.0","-6.671922","120.663571","12.186","2.3"
"1/27/2022","11:06:06.0","-6.687914","120.562388","9.820","3.6"
"1/27/2022","11:47:08.0","-6.67851","120.651781","12.685","3.4"
"1/27/2022","13:16:17.0","-6.687389","120.574124","11.853","3.1"
"1/27/2022","13:20:03.0","-6.708735","120.665631","10.295","4.8"
"1/27/2022","17:28:26.0","-7.644509","122.431242","8.493","2.9"
"1/28/2022","00:11:40.0","-7.945236","122.354072","14.891","2.9"
"1/28/2022","06:08:32.0","-6.701142","120.536934","12.208","3.5"
"1/28/2022","09:02:54.0","-7.093945","121.474957","7.438","2.9"
"1/28/2022","09:15:22.0","-6.709973","120.582608","9.196","2.3"
"1/28/2022","09:18:15.0","-6.690537","120.750336","10.898","2.5"
"1/28/2022","13:18:10.0","-7.648755","122.344994","6.954","2.7"
"1/28/2022","13:27:07.0","-8.039982","122.516681","7.460","2.7"
"1/28/2022","13:40:09.0","-6.712992","120.500801","10.905","2.4"
"1/28/2022","15:25:28.0","-7.551457","122.325282","12.336","2.5"
"1/28/2022","16:48:55.0","-7.425536","121.931609","12.090","2.4"
"1/28/2022","17:19:37.0","-7.508472","121.644331","8.994","2.9"
"1/28/2022","18:00:44.0","-8.011896","122.517702","7.760","2.1"
"1/28/2022","19:04:00.0","-7.504667","121.564203","6.826","2.1"
"1/29/2022","12:20:10.0","-7.55323","121.928719","8.169","2.9"
"1/30/2022","14:11:30.0","-7.260215","120.812196","11.914","2.5"
"1/30/2022","19:02:17.0","-7.271417","121.054595","8.125","2.5"
"1/30/2022","21:37:52.0","-6.66065","120.630698","8.855","3.9"
"2/1/2022","20:13:08.0","-8.045192","122.515366","16.634","3.3"
"2/2/2022","03:05:52.0","-7.500831","121.593997","13.077","2.9"
"2/2/2022","07:46:23.0","-7.692927","122.56679","19.721","2.7"
"2/2/2022","08:32:00.0","-7.393579","121.559812","14.342","3.0"
"2/2/2022","10:15:04.0","-7.508513","121.79474","13.184","2.8"
"2/2/2022","13:11:13.0","-8.046506","122.422728","11.231","3.1"
"2/3/2022","16:11:13.0","-6.712336","120.477399","6.459","2.4"
"2/3/2022","18:27:43.0","-7.952297","122.383558","5.733","3.0"
"2/4/2022","19:17:40.0","-7.538274","121.649132","10.597","2.8"
"2/4/2022","19:27:12.0","-7.579469","122.399539","8.738","3.2"
"2/4/2022","19:48:46.0","-7.70365","122.470815","12.327","2.6"
"2/4/2022","20:12:01.0","-7.993009","122.361243","6.512","2.5"
"2/4/2022","21:56:30.0","-7.995696","122.486573","11.027","2.8"
"2/4/2022","21:57:09.0","-7.942935","122.419891","13.236","2.8"
"2/5/2022","06:52:18.0","-7.633302","122.35798","12.622","3.8"
"2/5/2022","07:49:56.0","-7.548282","122.526213","6.739","3.5"
"2/5/2022","20:10:01.0","-7.331745","121.265059","12.904","4.2"
"2/5/2022","20:49:03.0","-7.330818","121.254454","12.293","4.4"
"2/5/2022","22:50:29.0","-7.312047","121.311895","15.925","4.3"
"2/6/2022","02:58:14.0","-7.490997","121.608669","15.799","3.2"
"2/6/2022","04:32:44.0","-7.321429","121.301849","13.077","3.5"
"2/6/2022","14:35:01.0","-7.581533","122.413587","11.510","2.3"
"2/6/2022","16:09:03.0","-7.545449","121.629222","8.848","2.5"
"2/6/2022","19:22:19.0","-7.271432","121.076242","9.413","3.0"
"2/6/2022","22:27:59.0","-7.182675","120.616344","12.204","2.0"
"2/6/2022","22:44:43.0","-7.722939","122.43985","16.828","2.6"
"2/6/2022","23:09:28.0","-7.252351","120.928234","7.310","2.6"
"2/7/2022","04:04:26.0","-7.511091","121.592012","14.295","3.5"
"2/7/2022","08:01:43.0","-7.271913","121.121531","6.459","2.9"
"2/7/2022","08:31:56.0","-7.730064","122.529121","5.300","2.7"
"2/7/2022","10:28:58.0","-7.422339","121.801649","9.199","2.9"
"2/7/2022","10:50:37.0","-7.232929","121.087945","12.489","3.0"
"2/7/2022","11:38:28.0","-7.77082","121.913322","14.126","2.6"
"2/7/2022","11:57:23.0","-7.89095","122.469324","16.177","2.8"
"2/7/2022","13:53:11.0","-7.669506","122.541536","14.613","2.5"
"2/7/2022","14:21:11.0","-7.617579","122.28446","12.240","2.4"
"2/7/2022","23:16:38.0","-7.713448","122.428808","9.495","3.0"
"2/8/2022","02:06:02.0","-7.607956","122.2915","17.318","2.7"
"2/8/2022","05:34:52.0","-7.341156","121.139107","8.830","3.0"
"2/9/2022","10:03:38.0","-7.670407","122.572288","9.625","4.0"
"2/9/2022","12:40:03.0","-7.540483","121.548314","10.997","2.5"
"2/9/2022","12:55:42.0","-7.747766","122.496118","7.058","2.7"
"2/9/2022","13:04:22.0","-7.677525","122.574491","20.865","3.7"
"2/9/2022","14:17:52.0","-7.757564","122.534207","11.436","2.6"
"2/9/2022","14:33:50.0","-7.752706","122.530416","8.621","2.4"
"2/9/2022","15:09:02.0","-7.558267","122.60908","14.412","2.4"
"2/9/2022","15:52:49.0","-7.69472","122.599329","7.058","2.8"
"2/9/2022","15:59:18.0","-7.711456","122.570697","14.097","3.0"
"2/10/2022","08:51:16.0","-7.634694","122.395063","9.767","3.4"
"2/10/2022","23:56:41.0","-7.679206","122.690736","7.294","3.3"
"2/12/2022","09:25:43.0","-7.602632","121.500833","4.884","2.5"
"2/12/2022","10:09:34.0","-7.577235","122.306951","10.349","3.4"
"2/12/2022","11:58:58.0","-7.557732","122.42571","9.899","2.9"
"2/12/2022","13:39:36.0","-7.744664","122.461072","13.892","2.5"
"2/12/2022","17:07:37.0","-7.125582","120.757806","10.922","3.0"
"2/12/2022","19:51:35.0","-7.590047","122.685301","11.852","2.6"
"2/13/2022","02:13:19.0","-6.698093","120.651784","18.186","2.4"
"2/13/2022","02:14:55.0","-6.70692","120.751083","18.924","2.3"
"2/13/2022","04:27:01.0","-7.204307","121.252475","11.632","2.6"
"2/13/2022","09:18:48.0","-7.67078","122.395149","8.775","2.7"
"2/13/2022","15:04:55.0","-7.66659","122.552663","15.320","3.4"
"2/13/2022","17:14:37.0","-7.696317","122.588947","14.003","2.9"
"2/14/2022","14:50:50.0","-7.548326","121.582375","10.169","2.2"
"2/14/2022","16:51:14.0","-6.992539","120.677223","12.845","3.7"
"2/14/2022","16:59:47.0","-6.902384","120.69469","9.568","3.2"
"2/14/2022","17:06:02.0","-6.894053","120.675836","10.486","2.8"
"2/14/2022","22:32:38.0","-6.907048","120.643666","11.571","3.3"
"2/14/2022","23:07:58.0","-7.705427","122.466185","9.056","2.6"
"2/14/2022","23:14:59.0","-7.156247","121.713229","13.220","2.6"
"2/15/2022","00:49:36.0","-7.359972","122.337853","10.246","3.0"
"2/16/2022","05:55:47.0","-7.273769","121.21783","11.974","3.9"
"2/16/2022","11:31:19.0","-7.251656","121.224013","8.785","3.0"
"2/16/2022","11:43:36.0","-7.402492","122.454567","12.837","2.7"
"2/17/2022","04:46:23.0","-6.931231","120.533751","10.405","2.2"
"2/17/2022","11:39:59.0","-7.93003","122.483782","15.012","2.5"
"2/17/2022","12:48:06.0","-7.812892","122.660225","16.844","3.0"
"2/18/2022","13:35:58.0","-7.356002","122.020537","9.482","2.5"
"2/18/2022","14:59:53.0","-8.058051","122.424447","10.077","2.4"
"2/18/2022","17:41:29.0","-8.001026","122.560442","21.361","2.6"
"2/18/2022","19:49:28.0","-7.549968","122.445429","11.620","3.1"
"2/19/2022","17:47:12.0","-7.988649","122.435845","17.433","2.3"
"2/20/2022","19:19:33.0","-7.901072","122.166824","6.446","3.0"
"2/22/2022","19:52:44.0","-7.683175","122.678984","11.455","2.9"
"2/23/2022","09:01:22.0","-7.24518","121.128325","9.968","3.3"
"2/23/2022","11:33:37.0","-7.553338","122.074401","6.682","4.1"
"2/23/2022","12:17:37.0","-7.80578","122.462875","12.878","2.8"
"2/23/2022","14:26:09.0","-6.942624","120.473149","15.025","2.8"
"2/24/2022","00:29:48.0","-7.260426","121.179313","12.358","2.9"
"2/24/2022","02:25:42.0","-7.263661","121.170578","10.214","3.0"
"2/24/2022","21:35:01.0","-7.572219","122.288991","7.492","2.5"
"2/25/2022","00:22:59.0","-7.46122","121.889833","8.441","3.5"
"2/25/2022","06:16:52.0","-7.510265","121.700686","6.440","2.8"
"2/26/2022","02:09:44.0","-7.516897","122.075587","8.912","2.9"
"2/26/2022","04:40:47.0","-8.029335","122.437646","13.009","3.6"
"2/26/2022","08:48:56.0","-7.936395","122.436131","10.941","2.7"
"2/26/2022","12:46:54.0","-7.656423","122.46267","20.856","2.7"
"2/26/2022","18:52:39.0","-7.795712","122.345052","12.028","3.3"
"2/26/2022","18:59:03.0","-7.828081","122.371897","15.011","2.7"
"2/27/2022","00:29:22.0","-7.854092","122.109654","8.442","2.7"
"2/27/2022","00:42:20.0","-7.57351","121.564958","9.137","3.1"
"2/27/2022","02:15:34.0","-7.891967","122.407644","13.611","2.8"
"2/27/2022","03:28:32.0","-7.400972","121.934662","16.195","3.8"
"2/27/2022","04:04:36.0","-7.810339","122.392625","10.825","2.5"
"2/27/2022","05:37:59.0","-8.039707","122.447894","9.914","3.0"
"2/27/2022","07:17:59.0","-7.892801","122.408471","8.232","3.8"
"2/27/2022","10:31:57.0","-7.967989","122.46755","14.759","2.9"
"2/27/2022","13:18:32.0","-7.729506","122.526236","7.527","3.1"
"2/27/2022","14:13:16.0","-7.742366","122.554577","12.790","3.2"
"2/27/2022","22:00:59.0","-7.729332","122.516696","13.294","3.3"
"2/27/2022","23:49:19.0","-7.700589","122.547548","8.638","3.0"
"2/28/2022","01:43:45.0","-7.532508","121.869544","7.781","3.9"
"2/28/2022","07:29:35.0","-7.994786","122.421579","11.120","3.1"
"3/2/2022","05:55:24.0","-7.48758","121.677253","12.528","2.8"
"3/2/2022","12:22:15.0","-7.736671","122.398063","11.579","2.7"
"3/2/2022","14:16:31.0","-7.473774","122.354723","7.654","2.8"
"3/2/2022","20:51:39.0","-7.978753","122.433955","16.733","2.8"
"3/3/2022","05:40:26.0","-7.536657","121.564471","10.121","3.2"
"3/3/2022","13:57:22.0","-7.463918","121.923832","8.851","2.7"
"3/5/2022","09:39:02.0","-7.570399","121.575905","15.040","2.7"
"3/5/2022","16:53:45.0","-7.776156","122.162837","9.758","3.6"
"3/5/2022","19:02:26.0","-7.120109","120.698154","15.028","2.3"
"3/6/2022","00:21:58.0","-7.678972","122.392199","9.407","3.5"
"3/6/2022","13:41:58.0","-8.007058","122.455922","9.656","2.8"
"3/7/2022","08:27:24.0","-7.924833","122.402263","13.770","2.9"
"3/7/2022","10:53:38.0","-7.792237","122.465034","6.106","2.4"
"3/7/2022","12:03:08.0","-7.927427","122.387582","11.534","3.0"
"3/7/2022","15:24:31.0","-8.001847","122.447125","12.822","2.4"
"3/8/2022","10:31:52.0","-8.014822","122.500783","16.086","2.6"
"3/8/2022","21:52:10.0","-7.877101","122.362541","18.438","2.7"
"3/9/2022","04:00:26.0","-7.684944","122.541382","11.468","2.9"
"3/9/2022","04:44:56.0","-7.535274","121.62381","11.674","3.2"
"3/9/2022","07:11:12.0","-7.575538","122.466","8.010","3.5"
"3/9/2022","17:00:41.0","-7.958236","122.405523","9.521","2.4"
"3/9/2022","19:07:13.0","-7.609994","122.275886","10.067","2.3"
"3/10/2022","00:45:41.0","-7.563995","121.740141","10.426","2.5"
"3/10/2022","01:15:58.0","-7.462402","121.690434","16.835","3.0"
"3/10/2022","13:38:31.0","-7.571933","122.045804","9.244","2.6"
"3/10/2022","14:21:15.0","-7.599108","121.963804","10.244","2.1"
"3/10/2022","16:20:44.0","-7.505766","121.635019","13.009","2.4"
"3/10/2022","17:45:45.0","-7.868655","122.28778","13.965","2.0"
"3/11/2022","00:11:44.0","-7.955311","122.357008","12.542","2.8"
"3/11/2022","17:49:50.0","-7.766549","122.552243","9.841","2.5"
"3/12/2022","09:25:27.0","-7.680535","122.310046","7.370","3.4"
"3/12/2022","11:31:17.0","-7.697692","122.413397","11.069","3.2"
"3/12/2022","21:40:13.0","-7.688139","122.408585","17.486","2.4"
"3/13/2022","04:39:55.0","-7.443965","121.79733","9.228","2.7"
"3/13/2022","10:29:54.0","-7.47529","121.641752","8.660","2.3"
"3/13/2022","12:11:36.0","-7.534279","121.630027","18.269","2.5"
"3/13/2022","18:27:39.0","-7.662054","122.408105","11.356","3.4"
"3/13/2022","23:47:44.0","-7.669609","122.474709","16.026","2.9"
"3/14/2022","02:45:45.0","-7.937195","122.319747","16.026","2.6"
"3/14/2022","13:34:05.0","-7.331485","120.83409","14.360","2.1"
"3/15/2022","17:49:17.0","-7.399556","121.694354","14.187","2.5"
"3/15/2022","18:07:45.0","-7.616852","121.508464","8.007","2.0"
"3/15/2022","18:31:02.0","-7.707919","122.345425","12.337","2.1"
"3/16/2022","08:07:48.0","-7.409154","121.946836","15.302","3.5"
"3/16/2022","13:20:07.0","-7.381754","121.718307","14.918","3.2"
"3/18/2022","01:22:59.0","-7.493125","121.926033","6.942","3.6"
"3/18/2022","09:08:10.0","-7.566894","122.316907","12.044","2.9"
"3/18/2022","12:35:49.0","-7.661333","122.503181","11.430","2.4"
"3/18/2022","17:08:32.0","-7.75499","122.555123","8.941","2.7"
"3/18/2022","20:39:13.0","-7.432475","121.861111","17.069","2.6"
"3/19/2022","17:49:56.0","-8.022624","122.412274","9.944","3.6"
"3/19/2022","18:15:38.0","-7.942976","122.434714","10.945","2.6"
"3/20/2022","08:57:33.0","-7.52241","121.642042","11.715","2.6"
"3/20/2022","15:05:47.0","-8.067844","122.461982","5.669","2.2"
"3/20/2022","15:33:49.0","-7.765531","122.515053","12.037","2.5"
"3/20/2022","15:46:33.0","-7.546941","121.670558","8.745","2.0"
